LLAVEHOG,ORDEN,AÑOS_CUMPLIDOS,HIJOS,CANT_PERSONAS,VIVE_PADRES,NIVEL_EDUCACION_MADRE,AFILIADO_SS,ESTADO_SALUD,DISCAPACIDAD,LEER_ESCRIBIR,NIVEL_EDUCATIVO,SALARIO,ACTIVIDAD,TELEFONO,TIPO_VIVIENDA,SUBSIDIO,SEGURIDAD,CONDICIONES_VIDA,POBRE,INGRESO_HOGAR,COMIDA,AGUA_ALIMENTOS,AGUA24H,VIVIENDA,SATISFACCCION_INGRESO,SATISFACCION_SALUD,SATISFACCION_SEGURIDAD,SATISFACCION_TRABAJO,SATISFACCION_VIDA
60000131,2,37,1,3,2,,1,3,NO,1,,,1,1,1,NO,2,2,2,2,2,1,2,1,7,7,7,8,9
60000311,3,47,1,4,4,9,1,2,NO,1,,,1,1,1,NO,1,3,1,1,1,2,1,3,0,5,5,5,4
60000521,2,30,1,3,2,,1,2,NO,1,,2000000,1,1,1,NO,1,2,2,1,1,1,1,1,8,10,7,9,10
60000531,1,40,1,2,4,2,2,3,NO,1,,,2,1,2,SI,2,3,1,1,1,1,1,3,6,7,6,8,10
60000561,1,59,1,6,4,10,1,3,NO,1,,,4,1,1,NO,2,2,1,1,1,1,1,3,5,6,8,8,10
60000561,3,50,2,6,4,4,1,2,NO,1,,,2,1,1,NO,2,2,1,1,1,1,1,3,6,7,6,6,8
60000581,1,77,1,6,4,9,1,3,NO,1,,,4,1,1,NO,2,3,2,1,2,1,2,4,3,5,6,6,7
60000731,1,53,1,2,4,4,1,3,NO,1,,,1,1,1,NO,1,1,2,2,2,1,1,1,0,0,10,0,10
60000741,1,26,2,3,4,3,1,1,NO,1,,500000,1,1,1,NO,1,2,2,2,2,1,1,3,6,9,9,10,10
60001291,1,53,1,3,2,,1,1,NO,1,,,1,1,2,SI,1,1,2,2,2,1,1,1,5,10,10,8,10
60001341,3,31,2,5,3,,2,2,NO,1,,,4,1,2,NO,1,2,2,2,2,1,1,5,7,9,7,7,10
60001381,1,36,2,3,4,9,1,3,NO,1,,800000,1,1,1,NO,1,3,1,1,2,1,1,1,4,4,5,5,4
60001411,5,25,1,6,3,,1,2,NO,1,,1160000,6,1,2,NO,2,3,1,2,2,1,1,1,8,10,5,10,8
60001851,1,38,4,5,4,1,1,2,NO,1,,500000,1,1,1,SI,2,2,2,2,2,1,1,3,9,10,8,10,9
60001871,4,20,1,5,2,,1,2,NO,1,,,6,2,1,NO,2,2,2,2,2,1,2,1,6,9,9,5,8
60001921,1,52,2,8,4,9,1,3,NO,1,,,4,1,1,SI,1,4,2,1,2,1,2,1,9,3,7,3,8
60001971,1,47,2,3,4,1,9,2,NO,1,,700000,1,2,3,NO,1,2,1,1,1,1,2,3,7,6,7,8,10
60002451,3,36,1,4,3,,1,1,NO,1,,1100000,1,1,2,NO,1,2,2,2,2,1,1,3,10,10,10,10,10
60002461,1,41,3,7,2,,1,3,NO,1,,780000,1,1,2,NO,1,2,2,1,2,1,1,3,3,6,8,8,9
60002801,4,30,1,6,4,9,1,2,NO,1,,420000,4,1,2,SI,1,2,2,2,2,2,2,1,10,10,10,10,8
60003131,1,62,1,3,4,1,1,4,NO,1,,,1,2,1,NO,1,4,1,1,1,1,1,3,5,6,10,3,9
60003151,2,45,1,3,2,,1,2,NO,1,,,4,1,1,NO,1,1,2,2,2,1,1,1,1,3,1,9,4
60003201,1,22,1,2,4,3,1,3,NO,1,,,4,1,1,NO,2,3,1,1,2,1,1,3,0,7,6,6,5
60003511,2,21,2,4,2,,1,2,NO,1,,,4,1,1,NO,1,2,2,2,2,1,1,1,9,10,10,10,9
60003551,3,23,3,6,2,,1,2,NO,1,,,1,1,1,SI,1,2,2,3,2,6,,5,6,9,5,5,9
60003651,1,64,1,4,4,2,1,2,NO,2,,,5,1,1,NO,1,2,2,2,2,1,1,1,9,8,10,8,10
60003681,1,63,1,4,4,10,2,3,NO,2,,,4,1,1,SI,1,2,1,1,1,1,1,1,9,5,10,2,10
60003691,4,24,1,5,3,,1,2,NO,1,,,1,1,1,NO,1,3,1,1,2,1,1,3,2,10,10,3,10
60003891,4,66,1,4,4,1,1,3,NO,1,,,4,1,1,NO,2,1,1,1,2,1,1,1,9,5,7,7,7
60004121,1,33,1,2,4,1,1,1,NO,1,,640000,1,1,2,NO,2,2,2,2,2,1,1,3,7,10,6,5,10
60004241,1,33,1,2,4,2,1,2,NO,1,,,4,1,2,SI,2,3,1,2,2,1,1,1,6,6,8,8,7
60004331,4,33,1,5,2,,1,1,NO,1,,1300000,1,1,1,NO,1,2,2,2,2,1,1,4,8,10,4,10,8
60004601,1,47,1,3,4,9,1,2,NO,1,,,1,1,1,NO,1,2,2,1,2,1,1,1,10,10,8,10,10
60004631,1,23,3,4,4,2,1,1,NO,1,,,4,1,2,SI,1,2,2,2,2,1,1,4,2,10,10,8,10
60004641,5,28,1,6,3,,1,2,NO,1,,,1,1,2,NO,1,2,1,1,2,1,1,1,3,10,10,6,10
60004771,3,39,1,4,4,10,1,3,NO,1,,,4,1,1,SI,1,3,2,1,2,1,1,1,9,4,7,6,5
60004841,3,25,1,4,3,,1,2,NO,1,,,4,1,1,SI,1,2,2,2,2,1,1,1,7,8,0,0,10
60004881,3,37,1,4,3,,1,2,NO,1,,,1,1,1,SI,1,3,1,2,2,1,1,3,5,8,5,5,7
60004981,4,21,1,5,3,,1,3,NO,1,,1200000,1,1,2,SI,1,2,2,2,2,1,1,3,8,7,6,7,10
60005031,1,43,1,2,4,1,1,3,NO,1,,700000,1,1,1,NO,2,3,1,2,2,1,1,3,4,5,3,4,10
60005251,3,31,1,8,2,,1,2,NO,1,,,1,1,2,SI,1,2,1,2,2,1,1,1,5,10,7,10,10
60005261,3,23,1,4,3,,1,3,NO,1,,,4,1,1,SI,1,4,1,1,2,1,1,3,4,7,8,1,8
60005621,1,61,1,2,4,1,1,2,NO,1,,,6,1,1,NO,2,3,2,2,2,1,1,1,5,6,9,9,8
60005711,1,20,1,2,4,2,1,1,NO,1,,350000,1,1,1,NO,1,2,2,1,2,2,1,3,4,9,9,7,9
60006061,2,29,1,3,2,,1,3,NO,1,,2700000,1,1,1,NO,2,1,2,2,2,1,1,1,7,4,0,7,7
60006401,1,40,1,6,4,3,1,2,NO,1,,737717,1,1,2,NO,1,2,2,2,2,1,1,3,7,10,10,10,10
60006411,1,59,2,4,4,9,1,2,NO,1,,,1,1,1,NO,2,2,2,2,2,1,1,1,8,9,5,8,10
60006621,5,23,1,6,4,4,1,1,NO,1,,500000,1,1,2,NO,2,2,1,2,2,1,1,3,5,10,10,5,10
60006661,7,40,1,8,3,,1,3,NO,1,,,4,2,1,SI,1,3,1,1,1,1,1,1,3,7,8,3,10
60006841,2,54,1,4,1,9,1,2,NO,1,,450000,1,1,1,SI,1,3,2,1,2,1,1,1,8,8,10,9,8
60006921,1,32,3,4,4,1,1,1,NO,1,,,4,1,3,SI,1,3,2,1,2,1,1,4,3,8,8,10,10
60006951,1,81,1,2,4,10,1,2,NO,2,,,4,2,1,SI,1,1,2,2,2,1,1,1,5,8,6,5,8
60006961,1,36,2,3,4,10,1,2,NO,1,,600000,1,1,2,NO,1,2,1,2,2,1,1,3,5,10,10,6,8
60007051,1,37,1,2,4,1,1,2,NO,1,,500000,1,1,1,NO,1,2,2,2,2,1,1,3,10,10,10,10,10
60007201,1,42,1,2,4,1,1,1,NO,1,,,2,1,2,NO,1,3,1,1,2,1,1,3,8,10,10,8,9
60007281,1,33,1,2,4,1,1,2,NO,1,,737717,1,1,2,SI,1,2,2,2,2,1,1,3,7,10,10,10,10
60007351,3,31,2,5,3,,1,2,NO,1,,,4,1,1,SI,1,2,1,2,2,1,1,1,9,10,10,10,10
60007841,4,22,2,6,4,4,1,2,NO,1,,,4,2,1,SI,1,3,2,1,2,1,1,3,9,9,9,0,8
60008231,5,15,1,8,2,,1,2,NO,1,,,4,2,1,NO,1,2,2,1,2,5,,4,6,6,7,6,6
60008251,2,18,1,3,4,8,1,2,NO,1,,,4,1,2,NO,1,2,2,1,2,5,,3,7,8,8,8,8
60008301,3,26,1,4,3,,1,1,NO,1,,800000,1,1,1,NO,1,1,2,2,2,1,1,1,9,9,9,9,9
60008591,1,66,1,4,4,1,1,3,SI,1,,,4,1,2,NO,1,3,2,2,2,1,1,6,5,8,7,6,8
60008641,1,53,1,3,4,1,1,2,NO,1,,,4,1,2,NO,1,2,2,2,2,1,1,3,9,8,8,4,8
60008641,2,26,1,3,2,,1,2,NO,1,,757000,1,1,2,NO,1,2,2,2,2,1,1,3,6,9,7,7,10
60009121,6,30,1,7,4,2,1,3,NO,1,,700000,1,1,1,NO,1,2,2,2,2,1,2,5,5,7,5,8,10
60009231,3,53,2,8,1,10,1,2,NO,2,,600000,1,1,1,SI,1,2,1,2,2,1,1,1,8,7,6,7,10
60009241,1,31,1,2,4,10,1,2,NO,1,,,4,1,1,SI,1,2,1,1,2,1,2,3,0,5,5,0,10
60009341,4,21,1,5,3,,1,2,NO,1,,,4,1,1,NO,1,2,1,1,2,2,1,1,9,10,9,0,10
60009941,1,78,1,2,4,9,1,3,NO,1,,,6,1,2,NO,1,2,2,2,2,1,1,1,9,5,6,7,7
60010461,1,27,1,2,4,1,1,2,NO,1,,,1,1,2,NO,1,2,1,2,2,1,1,3,5,10,7,8,10
60010501,1,34,1,2,4,2,1,2,NO,1,,2300000,1,1,2,NO,1,2,2,2,2,1,1,2,6,9,3,6,10
60010761,1,38,3,6,2,,1,2,NO,1,,,1,1,1,SI,1,2,1,1,2,1,1,3,9,3,3,0,7
60010871,1,35,2,3,4,2,1,2,NO,1,,,1,1,2,NO,2,3,1,1,2,1,1,3,7,10,8,4,9
60010881,1,25,2,3,4,2,1,2,NO,1,,1100000,1,1,2,SI,1,2,2,1,2,1,1,3,10,10,8,8,9
60010891,1,47,2,5,4,3,1,2,NO,1,,,4,1,2,NO,2,2,1,2,2,1,2,2,9,5,2,0,10
60010921,1,63,1,3,4,2,1,1,NO,1,,2500000,1,1,1,NO,2,2,2,3,2,1,2,3,6,8,7,7,10
60011021,1,48,1,2,4,1,1,3,NO,1,,,2,1,1,SI,1,3,1,1,1,6,,5,9,5,5,5,8
60011091,1,33,1,2,4,2,1,2,NO,1,,740000,6,1,3,SI,1,2,2,2,2,1,1,3,7,8,8,10,10
60011261,2,37,3,8,2,,1,3,NO,1,,,1,1,2,NO,1,2,1,2,1,1,1,4,7,7,6,10,10
60011541,3,32,2,5,2,,1,2,NO,1,,,1,1,1,SI,1,2,2,2,2,1,1,4,8,8,8,8,10
60011671,1,21,1,2,4,4,1,2,NO,1,,,2,1,1,NO,2,3,2,1,2,1,2,4,0,10,5,5,8
60011711,4,19,1,5,2,,1,2,NO,1,,,4,2,1,NO,2,3,1,2,2,1,2,3,4,8,8,0,8
60011771,1,27,1,2,4,3,1,2,NO,1,,650000,1,1,1,NO,1,2,1,2,2,1,2,3,5,8,10,0,9
60011891,1,26,2,3,4,6,1,2,NO,1,,750000,1,1,1,NO,1,2,1,2,2,1,2,3,7,8,8,9,10
60012361,3,41,1,4,2,,1,2,NO,1,,2000000,1,1,2,NO,2,2,2,2,2,1,1,1,7,7,6,7,9
60012421,6,19,1,7,2,,1,2,NO,1,,,4,1,1,NO,1,2,1,1,2,1,2,1,8,8,8,8,9
60012571,1,22,1,2,4,4,1,2,NO,1,,,6,1,1,NO,1,2,1,2,1,5,,1,7,10,5,10,10
60013301,1,34,2,3,4,1,1,3,NO,1,,,1,1,1,NO,2,3,1,1,2,7,,3,3,7,6,5,10
60013461,3,25,1,5,3,,1,1,NO,1,,1000000,1,1,1,NO,1,2,1,2,2,3,,1,10,10,5,10,10
60013471,3,23,2,5,4,10,2,1,NO,1,,,1,1,1,NO,1,2,2,2,2,3,,1,2,10,10,0,9
60013491,1,55,2,3,4,9,1,2,NO,1,,737800,1,1,1,NO,1,3,2,1,2,1,2,1,3,5,1,10,7
60013551,2,63,1,2,4,1,1,3,NO,1,,,4,2,2,NO,2,2,2,2,2,1,2,4,9,8,7,9,8
60013571,1,37,1,3,4,4,1,2,NO,1,,,1,1,1,NO,1,2,2,2,2,1,1,3,10,10,10,10,10
60013701,1,42,3,5,4,1,1,3,NO,1,,,2,1,2,NO,2,2,2,1,2,1,1,3,2,4,5,2,10
60013701,4,19,1,5,2,,1,2,NO,1,,,2,1,2,NO,2,2,2,1,2,1,1,3,4,8,6,3,10
60013771,6,30,1,7,1,4,1,2,NO,1,,300000,1,1,1,NO,1,2,2,1,2,1,2,4,0,7,8,2,8
60013841,1,22,1,2,4,4,1,2,NO,1,,,4,1,2,NO,1,2,1,2,2,1,2,3,9,10,10,0,10
60014011,1,29,1,2,4,3,1,2,NO,1,,560000,1,1,2,NO,1,2,1,1,2,1,1,3,8,10,10,8,10
60014681,1,29,2,3,4,9,1,2,NO,1,,200000,1,1,2,NO,1,3,2,1,1,1,1,3,7,8,8,8,9
60014801,1,26,1,2,4,4,1,2,NO,1,,180000,1,1,2,NO,1,3,1,1,1,1,1,4,9,8,8,0,10
60015271,3,38,1,6,3,,1,2,NO,1,,2000000,1,1,1,NO,2,1,2,2,2,1,1,1,9,8,3,8,10
60015901,4,39,1,6,2,,1,2,NO,1,,0,1,1,2,NO,1,2,2,2,2,1,1,1,10,10,10,9,9
60016101,3,34,2,5,3,,1,2,NO,1,,,4,1,2,NO,1,2,2,1,2,1,1,1,8,9,8,8,9
60016921,2,24,1,3,1,1,1,3,NO,1,,,4,1,1,SI,1,2,1,1,2,2,2,1,9,10,4,9,10
60017991,1,70,2,4,4,2,1,3,NO,1,,,4,2,3,NO,1,3,1,1,2,10,,3,10,7,10,6,10
60018231,1,49,1,2,4,1,1,2,NO,1,,,1,1,2,NO,1,2,2,1,2,1,1,2,5,7,8,5,9
60018301,1,60,2,3,4,9,1,2,NO,1,,,4,1,2,NO,1,2,2,2,2,1,1,3,9,9,8,8,10
60018421,1,44,3,5,4,1,1,3,NO,1,,,1,1,2,NO,1,2,2,1,2,1,1,3,8,6,4,9,7
60018591,1,31,2,3,4,1,2,2,NO,1,,,1,1,1,NO,1,2,2,2,2,1,2,3,9,10,10,10,10
60018631,2,38,1,4,2,,1,3,SI,1,,,6,1,1,NO,2,2,2,1,2,1,1,1,6,5,4,3,8
60018641,1,39,1,2,4,4,1,2,NO,1,,,1,1,2,NO,1,1,1,1,2,1,1,3,7,8,10,10,10
60018651,1,67,2,3,4,2,1,3,NO,1,,,4,1,2,NO,1,3,2,2,2,1,1,1,6,5,6,10,10
60018731,1,64,1,3,2,,1,1,NO,1,,,4,1,2,NO,1,1,2,1,2,1,1,1,2,10,3,9,7
60018881,4,41,2,6,3,,1,2,NO,1,,737000,1,1,1,NO,2,2,2,2,2,1,1,1,8,8,3,7,10
60019291,1,44,1,3,4,1,1,2,NO,1,,737500,1,1,1,NO,1,2,2,2,2,1,1,2,5,9,9,4,10
60020211,1,41,1,4,4,1,1,3,NO,1,,,1,2,1,NO,1,2,2,2,2,1,1,6,5,7,6,7,8
60020221,1,35,4,5,4,2,2,2,NO,1,,,2,2,1,NO,1,3,2,1,2,2,2,5,9,10,10,10,8
60020271,3,23,1,7,3,,2,2,NO,1,,,2,1,2,NO,2,2,1,1,1,2,2,3,9,10,6,7,10
60020341,1,51,1,4,4,2,1,3,NO,1,,,1,1,1,NO,1,2,1,1,2,1,1,3,8,8,7,8,10
60020861,1,48,2,5,4,1,1,3,NO,2,,,2,1,1,NO,2,3,1,2,2,1,2,1,8,7,5,5,9
60020861,2,26,1,5,2,,1,2,SI,1,,,4,2,1,NO,2,3,1,2,2,1,2,1,10,9,5,8,7
60020861,4,20,1,5,2,,1,2,NO,1,,,1,1,1,NO,2,3,1,2,2,1,2,1,8,10,0,9,8
60020871,4,35,1,5,4,3,1,2,NO,1,,1000000,1,1,1,NO,1,2,1,2,2,1,2,1,8,8,8,10,10
60020881,4,21,1,5,2,,1,2,NO,1,,650000,1,1,2,NO,1,2,2,2,2,1,2,3,9,10,7,9,10
60020891,4,17,1,5,4,3,1,2,NO,1,,,6,2,1,NO,1,4,1,1,2,1,2,4,6,9,9,8,7
60020921,4,36,1,5,3,,1,2,NO,1,,1400000,1,1,2,NO,1,2,1,1,2,1,2,5,9,10,8,8,9
60021601,1,47,3,5,2,,1,3,NO,1,,,4,2,1,SI,1,2,2,2,2,1,1,1,0,1,5,5,10
60021641,1,54,1,3,4,4,1,2,NO,1,,2500000,1,1,1,NO,1,2,2,2,2,1,1,1,5,10,7,7,10
60021721,1,38,1,2,4,2,1,2,NO,1,,800000,1,1,1,NO,1,2,2,2,1,1,1,3,9,8,8,9,7
60021851,3,26,1,4,3,,1,1,NO,1,,,1,1,1,NO,1,3,2,2,2,1,1,1,5,10,8,5,8
60021881,2,66,1,3,2,,1,2,SI,1,,,5,2,1,SI,2,2,2,1,2,1,1,4,4,4,5,0,6
60021901,1,59,1,2,4,10,1,2,NO,1,,,4,1,2,NO,1,2,2,2,1,1,1,3,4,8,9,5,10
60022031,1,24,1,2,4,2,1,2,NO,1,,500000,1,1,2,NO,1,2,2,1,2,1,1,3,3,9,8,8,8
60022571,1,58,1,4,4,2,1,1,NO,1,,,6,1,2,NO,1,1,2,3,2,1,1,1,10,10,7,10,10
60022571,2,39,2,4,2,,1,1,NO,1,,,1,1,2,NO,1,1,2,3,2,1,1,1,10,10,0,10,10
60022761,1,50,3,6,4,1,1,4,NO,1,,,6,1,1,SI,2,3,1,1,1,1,1,3,0,4,2,5,8
60022781,1,35,2,3,4,3,1,1,NO,1,,400000,1,1,1,SI,1,2,2,2,2,1,1,3,5,10,9,8,5
60022911,2,46,1,3,2,,1,2,NO,1,,150000,1,1,1,NO,1,2,2,2,2,1,1,1,10,7,10,9,10
60023181,1,69,1,5,4,1,1,3,NO,1,,,4,1,2,NO,1,3,1,1,2,1,1,3,4,5,3,4,9
60023181,2,33,1,5,2,,1,2,NO,1,,,1,1,2,NO,1,3,1,1,2,1,1,3,5,5,2,5,5
60023281,1,52,1,2,4,9,1,3,NO,1,,900000,1,1,1,NO,1,3,1,2,2,1,1,1,5,5,7,7,10
60023321,5,24,1,6,2,,1,3,NO,1,,400000,1,1,2,NO,1,3,2,2,2,1,1,3,5,9,3,4,10
60023421,6,14,2,8,2,,1,2,NO,1,,,4,2,1,NO,1,3,2,1,2,1,1,1,,,,,
60023551,3,43,2,5,3,,1,2,NO,1,,,4,1,1,SI,1,2,1,1,2,2,1,1,7,7,7,7,10
60023841,5,20,1,6,2,,1,2,NO,1,,,4,2,1,SI,1,2,2,1,2,1,1,1,6,4,7,4,8
60024071,4,19,1,5,4,3,1,2,NO,1,,,4,1,1,NO,1,3,2,1,2,1,1,1,1,10,6,2,5
60024611,9,17,1,10,4,2,1,2,NO,1,,,4,1,2,NO,1,2,2,3,2,1,1,3,9,9,9,9,9
60024901,1,59,2,3,4,10,1,2,NO,1,,,4,1,1,NO,1,2,2,3,2,1,1,3,9,9,9,6,8
60025191,1,28,1,2,4,7,1,2,NO,1,,737717,1,2,1,SI,1,3,1,1,2,5,,4,3,8,7,8,9
60025261,4,20,1,5,4,4,1,2,NO,1,,600000,1,1,1,NO,1,2,1,2,2,1,2,1,6,8,10,7,10
60025321,4,35,1,5,2,,1,2,NO,1,,737717,1,1,1,NO,1,3,1,1,2,1,2,4,8,8,8,8,10
60025371,2,25,1,3,2,,1,2,NO,1,,,4,1,1,SI,1,2,2,2,2,1,2,1,9,8,8,4,10
60025391,4,22,1,5,2,,1,2,NO,1,,,3,1,1,NO,1,2,2,2,2,1,2,1,9,8,8,8,10
60025411,4,25,1,9,2,,1,2,NO,1,,737000,1,1,1,SI,1,2,1,2,2,1,2,1,6,10,10,9,10
60025411,6,24,1,9,2,,1,2,NO,1,,,4,1,1,SI,1,2,1,2,2,1,2,1,4,10,7,0,10
60025521,1,31,1,2,4,3,1,2,NO,1,,737000,1,1,1,NO,1,2,1,2,2,1,2,3,5,10,10,5,9
60025571,1,41,2,3,4,10,1,3,NO,2,,,4,1,1,SI,1,1,1,1,1,9,,1,5,7,8,9,10
60025572,1,33,4,5,4,9,1,1,NO,1,,,1,1,1,NO,1,3,2,1,2,9,,4,8,6,5,4,3
60025581,1,26,1,2,4,4,1,2,NO,1,,,4,1,1,NO,1,3,1,1,2,1,2,3,0,7,6,2,6
60025621,2,39,2,5,2,,1,1,NO,1,,,1,1,1,SI,2,1,2,1,2,7,,1,0,5,6,3,10
60025931,1,46,2,3,4,1,1,3,NO,1,,,1,1,1,SI,1,2,2,1,2,1,1,1,8,8,8,8,8
60026061,1,31,1,2,4,2,1,3,NO,1,,240000,6,1,1,SI,1,2,1,2,2,1,1,3,3,8,7,4,10
60026311,1,30,4,5,4,1,1,3,NO,1,,,4,1,1,SI,1,3,2,1,2,1,1,3,0,4,9,9,8
60026341,3,72,1,3,4,2,1,2,NO,1,,,4,1,2,SI,1,2,2,3,2,1,1,2,4,8,8,8,8
60026351,1,55,2,5,4,1,1,3,NO,1,,100000,1,1,2,SI,1,3,1,1,2,1,1,3,4,6,8,7,10
60026351,3,39,2,5,2,,1,1,NO,1,,,1,1,2,SI,1,3,1,1,2,1,1,3,9,10,8,2,10
60026391,1,31,1,2,4,10,1,2,NO,1,,,1,1,2,SI,1,2,2,2,2,1,1,3,8,10,8,8,10
60026411,1,40,3,4,4,2,1,2,NO,1,,737717,1,1,1,SI,1,2,2,1,2,1,1,1,8,8,2,9,10
60026451,1,65,1,2,4,10,1,2,NO,1,,,4,2,2,NO,1,1,2,2,2,1,1,1,10,10,9,8,10
60026481,1,46,1,2,4,2,1,3,NO,1,,,4,1,2,NO,1,2,2,2,2,1,1,1,8,8,8,5,10
60026551,1,69,1,4,4,1,1,2,NO,1,,,4,1,1,NO,1,2,2,2,2,1,1,1,5,5,7,6,10
60026551,3,76,1,4,4,1,1,2,NO,2,,,4,1,1,NO,1,2,2,2,2,1,1,1,9,8,8,9,9
60026601,2,53,2,6,2,,1,2,NO,1,,,4,1,1,NO,1,2,2,2,2,1,1,1,9,7,8,7,9
60026601,3,34,1,6,2,,1,1,NO,1,,,1,1,1,NO,1,2,2,2,2,1,1,1,9,10,7,10,9
60026691,1,60,1,3,4,1,1,2,NO,1,,,4,1,1,NO,2,3,2,2,2,1,1,1,9,7,5,8,8
60026691,2,35,1,3,2,,1,1,NO,1,,780000,1,1,1,NO,2,3,2,2,2,1,1,1,4,10,8,6,10
60026921,2,25,1,3,4,1,1,2,NO,1,,800000,1,1,2,SI,1,3,1,2,2,1,1,1,5,10,9,8,10
60026931,1,43,1,3,4,1,1,2,NO,1,,,4,1,2,NO,1,2,2,2,2,1,1,3,1,6,8,0,10
60027001,3,28,1,4,3,,1,3,NO,1,,400000,1,1,1,NO,1,2,2,2,2,1,1,1,7,9,1,6,10
60027071,2,69,1,3,4,1,1,2,NO,1,,,4,1,1,SI,1,2,2,2,2,1,1,1,5,6,8,6,7
60027141,1,43,1,2,4,4,1,2,NO,1,,903000,1,1,2,NO,1,2,2,2,2,1,1,3,7,6,7,7,10
60027261,2,43,2,4,2,,1,3,NO,1,,,4,2,1,NO,1,4,1,1,1,1,1,1,3,7,6,1,8
60027281,5,18,1,6,4,1,2,2,NO,1,,,4,1,2,NO,2,2,2,2,2,1,1,1,9,9,9,8,10
60027441,4,45,1,5,2,,1,2,NO,1,,,4,2,1,SI,1,2,2,2,2,1,1,1,9,10,10,10,10
60027831,1,41,2,3,4,1,1,2,NO,1,,969000,1,1,1,NO,1,2,2,3,2,1,1,1,10,9,10,9,10
60027851,2,28,1,3,2,,1,1,NO,1,,,1,1,1,SI,1,2,2,2,2,2,1,1,7,10,9,10,10
60027961,3,34,1,4,3,,1,2,NO,1,,,1,1,1,NO,1,2,2,2,2,1,1,1,7,8,5,5,6
60028321,6,17,1,7,2,,1,2,NO,1,,,4,1,1,NO,1,3,2,1,2,1,1,3,9,10,7,1,8
60028601,2,32,2,4,2,,1,2,NO,1,,,4,1,1,NO,1,2,2,2,2,1,1,1,4,8,5,7,10
60029281,2,35,1,5,2,,2,2,NO,1,,737717,1,1,1,NO,1,1,2,2,2,10,,1,10,10,10,10,10
60029431,1,40,1,2,4,1,1,1,NO,1,,,1,1,1,NO,1,3,2,1,2,1,2,5,4,10,8,4,8
60029481,2,33,4,8,2,,1,2,NO,1,,,4,2,1,SI,1,4,1,1,1,1,2,5,10,7,7,0,4
60029721,3,37,1,5,2,,1,1,NO,1,,1000000,1,1,1,NO,1,1,2,3,2,1,1,1,8,8,8,10,9
60029811,3,28,1,4,4,10,1,2,NO,1,,400000,1,1,2,NO,1,2,2,2,2,1,1,1,3,9,8,6,10
60029881,1,43,2,4,2,,1,2,NO,1,,737717,1,1,1,NO,1,2,2,2,2,1,1,1,5,8,8,9,10
60029901,2,53,1,6,2,,1,1,NO,1,,,4,1,1,SI,1,2,2,2,2,1,1,1,10,10,9,10,10
60030091,4,46,1,7,3,,1,3,NO,1,,,1,1,1,SI,1,2,1,2,2,1,1,1,7,7,8,6,8
60030121,1,30,1,2,4,1,1,2,NO,1,,737717,1,1,2,NO,2,2,1,2,2,6,,3,4,7,5,10,9
60030321,2,21,1,3,2,,1,2,NO,1,,,4,1,2,SI,1,2,2,2,2,1,2,3,10,10,10,10,10
60030461,3,17,1,4,2,,1,2,NO,1,,,4,1,2,NO,1,2,2,1,2,1,1,1,9,10,10,0,10
60030481,5,28,1,6,3,,1,3,NO,1,,737000,1,1,1,SI,1,2,1,1,2,1,1,1,10,10,10,10,10
60031411,1,51,2,8,4,2,1,2,NO,1,,750000,1,1,1,NO,1,1,2,1,2,3,,3,7,10,8,10,10
60032113,1,56,1,2,4,2,1,2,NO,1,,710000,1,1,2,NO,2,2,2,1,2,1,1,4,7,7,4,9,10
60032161,2,24,1,4,2,,1,1,NO,1,,,3,1,1,SI,2,2,2,2,2,1,2,4,6,9,6,9,10
60032331,4,15,1,5,3,,1,2,NO,1,,,4,2,1,NO,1,2,2,2,2,1,2,3,7,7,7,7,7
60032491,2,31,1,5,2,,1,2,NO,1,,737700,1,1,1,SI,1,2,2,2,2,1,1,1,5,10,10,10,10
60032491,4,27,1,5,2,,1,2,NO,1,,,1,1,1,SI,1,2,2,2,2,1,1,1,8,8,6,8,10
60032831,3,17,1,5,2,,1,2,NO,1,,,3,1,1,SI,2,3,1,2,2,1,2,1,8,8,3,7,5
60033221,1,60,2,6,4,9,1,3,NO,1,,,4,1,1,NO,1,3,2,1,2,1,2,1,9,10,7,8,8
60033221,3,37,1,6,2,,1,2,NO,1,,800000,1,1,1,NO,1,3,2,1,2,1,2,1,8,9,8,8,7
60033731,2,33,3,5,2,,1,1,NO,1,,1000000,1,1,1,NO,1,1,2,2,2,1,1,4,7,10,4,10,10
60034401,3,26,1,4,3,,1,2,NO,1,,,1,1,1,SI,1,2,1,1,2,1,2,1,9,10,10,10,10
60034551,4,22,1,5,2,,1,1,NO,1,,,3,1,1,SI,2,3,1,1,1,1,2,1,2,9,2,10,10
60034751,1,44,1,3,2,,1,2,NO,1,,737717,1,1,1,NO,1,2,2,1,2,1,2,1,8,10,10,10,10
60034751,3,82,1,3,4,9,2,2,NO,1,,,4,1,1,NO,1,2,2,1,2,1,2,1,9,9,10,10,10
60035141,1,38,2,3,4,3,1,2,NO,1,,,1,1,2,SI,1,2,2,2,2,1,1,1,8,8,9,8,10
60035361,3,25,1,4,2,,1,2,NO,1,,,1,1,1,NO,2,3,2,1,2,1,1,3,8,9,2,9,10
60035451,4,19,1,6,3,,1,2,NO,1,,,2,1,1,NO,2,2,2,1,2,1,1,1,9,8,2,9,9
60035721,13,26,2,15,4,1,1,2,NO,1,,,4,2,1,NO,1,2,1,1,2,1,2,1,9,8,9,9,9
60035821,2,34,1,4,2,,1,2,NO,1,,,1,1,1,NO,1,1,2,1,2,1,2,1,9,9,9,9,9
60035991,1,50,1,8,4,1,1,2,NO,1,,,1,2,1,NO,1,2,1,1,2,1,2,1,8,9,8,7,8
60036152,1,64,1,3,4,1,1,2,NO,1,,,1,1,1,SI,1,2,1,1,2,1,2,1,5,6,5,6,6
60036501,1,30,1,2,4,1,1,2,NO,1,,,1,1,1,SI,1,2,1,1,2,1,2,1,7,6,6,5,7
60036641,1,75,2,3,4,1,1,2,NO,1,,,4,2,1,NO,1,2,1,1,2,1,1,1,9,10,8,9,8
60036731,9,63,2,10,4,1,1,2,NO,1,,,4,2,1,NO,1,2,1,1,2,1,1,1,6,9,7,7,6
60036851,1,58,3,8,4,1,1,2,NO,1,,,1,2,1,SI,1,2,1,1,2,4,,1,7,8,6,9,10
60036861,1,53,1,4,4,1,1,2,NO,1,,,1,2,1,NO,1,2,1,1,2,1,1,1,8,7,7,7,8
60037121,1,37,2,4,4,4,1,1,NO,1,,1200000,1,1,2,NO,1,1,2,1,2,1,1,3,10,10,10,10,10
60039391,8,21,1,9,2,,1,2,NO,1,,,3,1,1,SI,2,3,1,1,2,2,2,1,10,10,10,10,10
60039941,3,46,1,4,3,,1,2,NO,1,,1400000,1,1,1,NO,1,2,2,2,2,10,,1,8,8,8,8,8
60040111,1,32,1,2,4,7,1,1,NO,1,,3000000,1,1,2,NO,1,1,2,3,2,10,,3,8,6,8,6,6
60040281,1,38,2,3,4,4,1,1,NO,1,,3000000,1,1,1,NO,1,1,2,3,2,10,,6,8,7,8,6,6
60040291,3,33,1,4,3,,1,2,NO,1,,,1,1,1,NO,1,1,2,3,2,1,1,1,8,8,8,8,8
60040721,1,47,1,2,4,2,1,3,NO,1,,5100000,1,1,2,NO,2,2,2,2,2,1,1,1,6,6,3,9,7
60040991,2,48,3,5,2,,1,2,NO,1,,,1,1,1,NO,1,2,2,2,2,1,1,4,7,10,7,6,7
60041261,1,37,1,2,4,4,1,1,NO,1,,1150000,1,1,1,NO,1,2,2,2,2,1,1,4,5,10,8,8,10
60041671,1,57,1,3,4,10,1,3,NO,1,,,4,1,2,NO,1,3,1,2,2,3,,1,10,5,10,10,10
60041931,4,38,1,5,3,,1,2,NO,1,,,4,1,1,NO,2,2,2,2,2,1,1,1,9,10,7,7,10
60042051,3,30,4,7,3,,1,3,NO,1,,100000,2,1,1,NO,1,2,2,2,2,1,1,3,1,8,2,0,5
60042061,1,56,1,3,4,10,1,2,NO,1,,500000,4,1,1,NO,1,2,2,2,2,1,1,2,9,9,9,8,8
60042111,1,73,1,3,4,9,1,3,NO,1,,,4,1,1,SI,1,2,1,1,2,4,,1,9,3,6,2,8
60042221,1,59,1,2,4,2,1,2,NO,1,,,2,1,1,NO,1,2,2,2,2,1,1,3,9,10,10,0,7
60042441,1,35,3,4,4,3,1,2,NO,1,,,1,1,1,NO,2,2,2,2,2,1,1,3,6,8,5,8,10
60042501,1,70,1,5,4,1,1,3,NO,1,,,4,1,1,NO,1,3,1,2,2,1,1,3,5,2,8,0,10
60042501,3,59,1,5,4,1,1,2,NO,1,,,4,2,1,NO,1,3,1,2,2,1,1,3,9,5,5,0,10
60042691,3,27,1,4,3,,1,3,NO,1,,,1,1,2,NO,1,2,2,1,1,1,1,3,9,9,9,9,10
60042771,1,35,1,2,4,1,1,3,NO,1,,450000,1,1,1,NO,1,3,1,1,2,1,1,4,0,5,5,3,7
60042951,3,20,1,4,2,,1,2,NO,1,,,4,2,1,NO,1,2,1,2,2,2,1,1,8,9,8,5,9
60044001,2,23,1,3,2,,1,1,NO,1,,900000,1,1,2,NO,1,2,1,1,2,1,2,1,7,10,10,10,10
60044031,1,36,2,3,4,2,1,2,NO,1,,,2,1,1,SI,1,2,2,1,2,1,2,3,4,5,5,5,6
60044241,4,24,1,5,3,,1,2,NO,1,,,2,1,2,NO,1,2,2,1,2,1,1,1,9,8,7,1,10
60044411,1,40,3,4,4,2,1,2,NO,1,,,1,1,2,NO,1,2,2,2,2,1,1,3,7,7,6,7,10
60044931,1,59,1,3,4,10,1,2,NO,1,,,4,1,1,SI,1,2,1,2,2,1,2,4,5,9,8,7,9
60044951,4,66,1,4,4,10,1,3,NO,2,,,4,2,1,SI,2,2,1,2,2,1,2,1,8,8,9,6,9
60045011,1,33,1,3,2,,1,2,NO,1,,,1,1,1,SI,1,3,1,1,2,1,2,1,8,8,8,8,9
60045011,3,67,1,3,4,1,1,2,NO,1,,,4,1,1,SI,1,3,1,1,2,1,2,1,7,8,9,8,8
60045061,3,53,1,3,4,1,1,3,SI,1,,,5,2,1,NO,1,2,1,2,2,1,2,1,8,5,7,8,8
60045071,2,83,1,2,4,9,1,4,SI,1,,,5,2,1,SI,1,2,2,1,1,1,2,1,3,3,9,1,7
60045091,1,45,2,6,4,2,1,2,NO,1,,,4,1,1,SI,1,2,2,2,2,1,2,1,7,8,7,8,8
60045241,1,50,2,4,4,1,1,2,NO,1,,,1,1,1,SI,1,2,1,1,2,1,1,4,6,8,8,7,10
60045561,1,43,1,4,4,2,1,2,NO,1,,,1,1,1,SI,1,2,1,2,2,1,1,2,10,10,10,10,10
60045561,2,21,1,4,2,,1,2,NO,1,,,1,1,1,SI,1,2,1,2,2,1,1,2,10,10,10,10,10
60045921,2,22,1,3,2,,1,2,NO,1,,160000,1,1,2,SI,1,2,2,2,2,1,1,4,8,7,8,5,6
60046681,1,59,1,2,4,10,1,3,NO,1,,,4,1,1,NO,2,2,2,1,2,1,1,1,8,8,7,7,10
60046701,2,44,3,4,4,1,1,1,NO,1,,,4,1,1,SI,1,1,2,3,2,1,1,1,10,10,5,7,10
60046791,1,24,1,2,4,2,1,1,NO,1,,,1,1,2,NO,2,2,2,2,2,1,1,3,7,10,9,8,9
60046901,1,44,1,3,4,10,1,1,NO,1,,,4,1,2,NO,1,2,2,2,2,1,1,1,7,10,6,10,10
60046991,3,37,2,5,2,,1,2,NO,1,,737000,1,1,1,SI,1,2,2,2,2,1,1,4,8,7,10,8,10
60047031,2,30,2,5,2,,1,2,NO,1,,,2,2,1,SI,1,3,1,1,2,1,1,1,9,9,9,9,9
60047131,2,35,1,3,2,,1,2,NO,1,,,1,1,1,SI,1,2,2,2,2,1,1,1,7,9,10,6,8
60047221,2,23,1,3,2,,1,3,NO,1,,737317,1,1,2,NO,2,3,1,2,1,1,1,3,0,10,0,10,10
60047301,2,22,1,4,1,2,1,2,NO,1,,,2,1,2,NO,1,2,1,1,1,1,1,3,9,10,5,10,8
60047891,1,26,1,2,4,1,1,1,NO,1,,,4,1,1,NO,1,2,2,2,2,2,2,4,6,9,9,8,10
60048221,3,33,1,4,3,,1,2,NO,1,,2200000,1,1,2,NO,1,2,1,2,2,1,1,1,8,8,5,9,10
60048271,2,55,1,2,4,2,1,2,NO,1,,,4,1,1,NO,1,2,2,2,2,1,1,6,10,10,10,10,10
60048351,4,20,1,5,3,,1,3,NO,1,,,4,1,1,NO,1,3,2,2,2,1,1,2,8,7,10,8,9
60048641,2,53,1,4,1,1,1,3,NO,1,,,4,1,1,NO,1,3,2,2,2,1,1,1,9,5,7,7,8
60049461,5,46,2,7,4,4,1,2,NO,1,,1200000,1,1,1,NO,1,2,2,2,2,1,2,1,6,7,7,7,8
60049541,7,17,1,8,2,,1,2,NO,1,,,4,2,1,NO,1,2,1,1,2,1,2,3,9,10,10,10,10
60049561,6,21,1,7,3,,1,2,NO,1,,,4,2,1,SI,1,3,2,1,2,1,2,1,9,8,8,8,9
60049781,1,25,1,2,4,8,1,2,NO,1,,800000,1,1,2,NO,1,2,2,1,2,1,1,3,5,7,9,7,9
60050021,1,56,1,2,4,3,1,3,NO,1,,,1,1,2,NO,2,2,2,2,2,1,1,1,7,5,2,7,10
60050081,1,22,1,5,2,,1,2,NO,1,,900000,4,1,2,SI,1,2,2,2,2,1,2,2,7,9,7,9,10
60050211,1,24,2,5,4,1,1,3,NO,1,,70000,1,1,1,SI,1,3,2,2,2,1,2,1,4,8,8,4,9
60050211,4,24,1,5,4,1,1,2,NO,1,,,1,1,1,SI,1,3,2,2,2,1,2,1,5,8,7,6,8
60050341,2,21,1,3,4,3,1,3,NO,1,,,6,1,1,SI,1,2,2,2,2,1,1,4,3,8,8,4,6
60050381,1,53,2,6,2,,1,4,NO,1,,,1,1,1,SI,1,3,1,1,2,1,1,1,4,4,6,6,8
60050381,3,32,2,6,2,,1,3,NO,1,,,4,1,1,SI,1,3,1,1,2,1,1,1,3,7,5,3,6
60050381,6,77,1,6,4,9,1,3,NO,1,,,5,2,1,SI,1,3,1,1,2,1,1,1,3,3,5,3,5
60050481,3,31,1,4,4,1,1,2,NO,1,,,4,1,1,SI,2,2,1,1,2,1,1,2,5,9,8,8,10
60050501,3,31,2,6,3,,1,2,NO,1,,,1,1,1,SI,1,3,1,2,2,1,1,1,3,5,9,0,10
60050531,3,33,2,5,3,,1,2,NO,1,,,1,1,1,SI,1,3,2,2,2,2,1,1,5,9,9,5,8
60050671,1,47,1,2,4,1,1,3,NO,2,,,4,1,1,NO,1,2,1,1,2,2,2,1,0,0,10,0,6
60050921,1,26,1,2,4,2,1,2,NO,1,,1100000,1,1,3,SI,1,2,1,2,2,2,1,4,5,6,4,5,8
60051021,1,31,1,2,4,1,1,2,NO,1,,,1,1,2,NO,1,2,1,2,2,1,1,3,4,8,10,5,10
60051071,1,25,1,3,1,1,1,2,NO,1,,,1,1,1,SI,1,2,2,1,2,1,1,1,7,10,8,10,10
60051111,1,27,1,2,4,4,1,3,NO,1,,,1,1,2,SI,1,3,1,1,2,2,2,4,7,5,8,5,8
60051371,1,35,1,2,4,1,1,2,NO,1,,,4,1,2,SI,1,2,1,1,2,2,1,4,4,6,8,6,6
60051391,4,57,2,6,4,2,1,2,NO,1,,1500000,1,1,1,NO,2,2,2,2,2,1,1,3,5,8,4,7,9
60051441,4,24,2,6,3,,1,2,NO,1,,,3,1,1,NO,1,2,2,2,2,1,1,3,9,10,10,3,6
60051581,5,20,2,7,2,,1,2,NO,1,,,4,1,1,NO,1,2,2,1,2,1,1,3,8,10,10,10,10
60051631,1,49,2,6,4,2,1,3,NO,1,,500000,1,1,1,NO,2,3,2,2,2,1,1,1,6,3,2,8,10
60051631,5,19,1,6,2,,1,3,NO,1,,,4,1,1,NO,2,3,2,2,2,1,1,1,2,5,7,9,10
60051671,4,28,1,5,3,,1,2,NO,1,,400000,1,1,1,SI,1,3,1,1,2,1,2,1,4,4,7,5,8
60051711,3,39,1,4,3,,1,2,NO,1,,,4,1,1,SI,1,3,1,2,2,1,2,1,5,8,6,6,9
60051921,2,42,1,4,2,,1,4,NO,1,,,4,1,1,NO,2,3,2,1,2,1,1,4,0,2,9,2,5
60051961,4,19,2,6,4,2,1,2,NO,1,,,4,1,2,NO,1,2,2,3,2,1,1,3,10,10,10,10,10
60051971,4,30,2,6,2,,1,3,NO,1,,,6,1,1,SI,1,3,2,1,2,1,1,1,4,5,10,5,7
60051981,2,57,1,6,2,,1,2,NO,1,,,4,1,1,NO,1,2,2,1,2,1,1,1,4,9,9,5,9
60052131,1,39,1,2,4,10,2,3,NO,1,,,2,1,2,NO,1,3,2,1,2,2,1,6,2,6,10,2,10
60052161,1,27,1,2,4,9,1,1,NO,1,,680000,1,1,1,NO,1,2,2,1,2,2,1,3,10,10,10,10,10
60052381,1,44,1,2,4,2,1,1,NO,1,,,1,1,1,NO,1,1,2,2,2,1,1,1,8,10,10,8,10
60053781,1,69,1,2,4,1,1,2,NO,1,,,4,1,1,NO,1,2,1,1,2,1,2,1,9,10,10,4,9
60053871,1,27,1,2,4,1,1,2,NO,1,,,1,1,1,NO,1,3,2,2,1,1,2,3,5,8,7,8,8
60054051,3,23,1,4,2,,1,1,NO,1,,1100000,1,1,1,NO,1,2,2,2,2,1,1,3,10,10,10,10,10
60054131,2,34,1,3,2,,1,3,NO,1,,,1,1,1,NO,1,2,2,1,2,1,1,3,10,10,9,10,10
60054401,3,19,1,5,1,2,1,1,NO,1,,,4,1,2,NO,1,2,2,3,2,1,1,3,9,8,10,2,9
60054461,1,35,2,3,4,1,1,1,NO,1,,900000,1,1,2,NO,1,1,2,3,2,1,1,1,10,10,10,10,10
60054531,2,37,1,3,1,1,1,2,NO,1,,200000,4,1,2,NO,1,3,2,2,2,1,1,1,5,8,10,7,8
60054621,1,29,1,2,4,2,1,2,NO,1,,737717,1,1,2,NO,1,2,2,2,1,1,1,3,0,5,8,5,8
60054771,1,45,1,4,4,1,1,2,NO,1,,,1,1,2,NO,1,2,2,2,2,1,1,3,9,9,9,9,9
60054771,3,29,1,4,4,1,1,2,NO,1,,500000,1,1,2,NO,1,2,2,2,2,1,1,3,9,9,9,9,9
60054871,1,19,1,2,4,1,1,2,NO,1,,,4,1,1,NO,1,2,2,2,2,1,2,4,7,9,9,7,9
60054961,1,33,1,2,4,2,1,2,NO,1,,1000000,1,1,2,NO,1,2,2,2,2,1,2,3,5,10,8,10,10
60055011,1,39,2,3,4,1,1,2,NO,1,,,1,2,1,SI,1,3,1,2,2,1,2,1,9,9,9,8,10
60055061,1,32,2,3,4,1,2,2,NO,1,,,1,1,1,NO,1,2,2,2,2,6,,1,7,10,10,7,10
60055121,3,24,1,4,3,,1,2,NO,1,,,1,2,1,NO,1,2,1,2,2,1,2,1,8,9,9,9,9
60055372,1,34,1,2,4,10,1,1,NO,1,,300000,1,1,1,NO,1,3,2,1,2,1,2,3,6,7,6,3,8
60055451,1,34,1,2,4,2,1,3,NO,1,,300000,1,1,1,NO,1,3,2,2,2,1,2,4,6,7,3,6,7
60055481,2,55,2,5,1,9,1,2,NO,1,,,4,2,1,SI,1,3,1,2,1,1,1,1,9,8,7,8,9
60055571,4,28,1,5,3,,1,1,NO,1,,300000,1,1,1,NO,1,2,2,2,2,1,1,1,8,8,7,8,9
60055591,3,37,1,4,2,,1,3,NO,1,,,1,1,1,NO,1,2,2,1,2,1,1,1,7,5,8,8,10
60055691,1,57,2,4,4,10,1,1,NO,1,,,1,1,1,SI,1,2,2,2,2,1,1,1,10,10,10,10,10
60055691,3,20,1,4,2,,1,2,NO,1,,,3,1,1,SI,1,2,2,2,2,1,1,1,10,10,10,5,10
60055811,2,64,1,7,4,1,1,2,NO,1,,,4,2,1,SI,1,2,1,2,2,1,1,1,9,9,9,9,10
60055831,1,33,1,2,4,10,1,2,NO,1,,350000,1,1,1,SI,2,2,2,2,2,1,1,1,7,10,3,10,10
60055981,2,17,1,3,2,,1,2,NO,1,,120000,4,2,1,NO,1,2,1,2,2,1,1,3,8,9,10,9,10
60056031,1,44,2,3,4,9,1,2,NO,2,,,1,1,1,SI,1,2,1,1,2,1,1,1,0,8,6,3,10
60057101,4,21,1,5,3,,1,2,NO,1,,350000,1,1,1,NO,1,2,2,2,2,1,1,1,4,10,10,4,6
60057901,7,15,1,8,2,,1,2,NO,1,,,4,1,1,NO,1,2,2,3,2,1,1,1,7,10,7,8,8
60058221,2,26,1,3,4,1,1,2,NO,1,,,4,2,2,SI,1,3,1,1,2,2,2,1,5,9,8,4,10
60058431,4,20,1,5,4,9,1,1,NO,1,,200000,1,2,1,SI,1,2,1,1,2,1,2,1,10,10,10,8,10
60058691,1,65,1,5,4,10,1,2,NO,1,,,4,1,1,NO,2,3,2,1,2,1,2,1,10,10,10,10,10
60058861,1,35,1,2,4,2,1,2,NO,1,,,1,1,2,SI,1,2,2,3,2,10,,3,8,8,6,5,7
60059031,1,33,1,2,4,4,1,2,NO,1,,,2,1,2,NO,1,2,2,2,2,10,,3,3,7,8,3,8
60059061,1,44,1,2,4,2,1,2,NO,1,,800000,1,1,2,NO,1,2,1,1,2,10,,3,9,9,9,9,9
60059081,5,22,1,6,3,,1,2,NO,1,,,2,1,3,NO,1,2,2,2,2,10,,3,8,8,8,8,9
60059211,3,33,2,5,2,,1,3,NO,1,,,1,1,1,NO,1,3,1,1,2,1,1,3,4,7,7,8,10
60059241,3,23,1,4,3,,1,2,NO,1,,,4,1,1,NO,1,2,1,2,2,2,1,1,6,8,6,2,6
60059331,2,26,1,3,2,,1,2,NO,1,,,1,1,1,NO,2,3,1,1,2,1,1,3,3,8,3,5,8
60060081,1,26,1,4,2,,1,2,NO,1,,,1,1,2,SI,2,3,1,1,2,1,1,1,7,8,7,8,8
60060131,7,20,1,8,2,,1,2,NO,1,,430000,1,1,1,SI,1,2,2,2,2,2,1,3,8,9,8,8,10
60060151,3,45,1,4,3,,1,2,NO,1,,,1,1,1,NO,1,2,1,1,2,2,2,1,8,8,8,7,8
60060241,5,19,1,7,2,,1,3,NO,1,,,4,2,1,NO,1,3,1,1,2,2,2,3,9,7,7,6,7
60060361,2,64,1,3,2,,1,2,NO,1,,200000,4,2,1,SI,1,2,2,2,2,2,1,1,8,9,10,9,10
60060431,1,90,1,3,4,9,1,3,NO,2,,,4,2,1,SI,1,2,1,2,2,1,1,4,7,7,8,8,8
60060871,1,43,2,4,1,9,1,2,NO,1,,,4,2,1,SI,1,2,1,2,2,2,2,1,10,10,10,10,10
60061111,3,54,1,7,1,1,1,2,NO,1,,3397000,1,1,2,NO,1,2,2,2,2,1,2,1,8,5,9,9,9
60061141,1,26,1,2,4,1,1,3,NO,1,,180000,1,1,3,NO,1,3,1,1,2,1,2,3,2,9,4,5,10
60061251,3,19,1,4,3,,1,2,NO,1,,,4,2,1,SI,1,3,1,1,2,1,1,1,9,10,9,1,8
60061441,2,47,2,4,2,,1,1,NO,1,,,6,1,1,NO,1,1,2,2,2,1,1,1,10,10,7,10,10
60061461,4,36,1,5,3,,1,2,NO,1,,,1,1,1,NO,1,2,1,2,1,1,1,1,6,6,8,7,10
60061641,4,17,1,5,2,,1,2,NO,1,,,4,1,1,NO,2,2,2,2,2,1,1,2,9,10,8,9,10
60062321,1,51,2,4,4,2,1,3,NO,1,,,4,1,1,NO,1,2,2,2,2,1,2,2,9,0,10,10,10
60063331,5,23,1,6,2,,1,2,NO,1,,,4,1,1,SI,1,3,1,1,1,2,1,1,4,8,8,8,8
60063421,1,47,2,3,4,9,1,2,NO,1,,1900000,1,1,1,SI,2,2,2,3,2,1,1,3,10,10,10,10,10
60064321,5,18,1,6,2,,1,2,NO,1,,,2,1,2,NO,1,2,2,2,2,1,1,3,1,8,8,3,7
60064391,1,32,3,4,4,2,1,1,NO,1,,737000,1,2,2,NO,1,2,2,2,2,1,1,3,9,10,8,9,10
60064611,1,52,2,3,4,2,1,2,NO,1,,730000,1,1,2,NO,2,2,2,2,2,1,1,3,7,8,7,8,8
60064731,3,31,1,4,3,,1,3,NO,1,,99,1,1,1,NO,2,2,2,2,2,1,1,2,8,5,7,9,10
60064771,1,38,2,3,4,1,1,2,NO,1,,737200,1,1,1,NO,1,3,2,2,2,1,1,3,6,10,8,10,10
60064781,4,19,1,5,2,,1,2,NO,1,,,4,1,2,NO,2,2,2,1,2,1,1,3,9,10,5,5,8
60064871,7,31,1,8,3,,1,2,NO,1,,737717,1,1,1,SI,1,2,1,2,2,1,1,1,9,9,6,10,9
60065041,1,57,1,3,4,2,1,2,NO,1,,,4,1,2,NO,1,3,2,2,2,1,1,1,6,9,8,7,10
60065041,2,23,1,3,2,,1,1,NO,1,,1600000,1,1,2,NO,1,3,2,2,2,1,1,1,8,9,9,9,10
60065221,1,57,1,2,4,2,1,2,NO,1,,,4,1,1,NO,1,2,1,2,2,1,1,3,1,6,4,0,6
60065291,3,39,1,4,3,,1,2,NO,1,,700000,1,1,2,NO,2,2,2,2,2,1,1,1,10,10,5,10,10
60066071,3,42,1,4,3,,1,3,NO,1,,1200000,1,1,1,SI,1,3,1,2,2,2,2,1,9,6,8,8,8
60066831,1,49,1,4,1,9,1,2,NO,1,,3397000,1,1,2,NO,2,2,2,3,2,1,1,2,10,8,5,9,9
60066911,1,48,2,4,4,9,1,2,NO,1,,,1,1,2,NO,1,3,2,2,2,1,1,3,3,8,5,4,9
60066911,3,23,1,4,2,,1,3,NO,1,,,3,1,2,NO,1,3,2,2,2,1,1,3,5,6,7,6,6
60066991,1,47,2,3,4,4,1,2,NO,1,,1200000,1,1,2,NO,1,1,2,2,2,1,1,3,8,8,9,10,10
60067631,4,30,1,5,3,,1,2,NO,1,,820857,1,1,1,NO,1,3,1,1,2,1,2,4,2,10,10,8,10
60067681,4,22,1,5,2,,1,2,NO,1,,,4,1,1,NO,1,2,2,2,2,1,2,1,10,10,10,10,10
60068171,1,41,1,2,4,1,1,2,NO,1,,400000,1,1,2,SI,1,2,2,2,2,2,2,1,6,9,6,9,10
60068261,1,33,1,2,4,1,1,2,NO,1,,,4,1,3,SI,1,3,1,1,2,2,2,4,5,7,6,5,10
60068761,1,26,1,2,4,4,1,2,NO,1,,780000,1,1,2,NO,1,2,2,2,2,1,1,3,6,10,10,8,10
60068891,1,35,1,4,3,,1,2,NO,1,,737717,1,1,2,NO,1,2,1,2,2,1,1,3,8,10,10,10,10
60068941,1,34,2,5,4,1,1,3,NO,1,,737717,1,1,1,NO,1,2,1,1,2,6,,1,8,10,10,10,10
60068941,4,22,1,5,4,1,2,2,NO,2,,,1,1,1,NO,1,2,1,1,2,6,,1,7,9,10,9,9
60069031,3,25,1,4,3,,1,2,NO,1,,,4,1,1,NO,1,2,1,2,2,1,2,1,8,9,9,8,9
60069041,1,48,1,2,4,1,1,2,NO,1,,,4,1,1,SI,1,2,1,2,2,1,2,1,8,8,9,8,9
60069221,1,22,1,2,4,1,1,3,NO,1,,,4,1,1,SI,2,3,2,1,2,2,1,3,7,5,0,0,10
60069391,1,20,1,2,4,10,1,2,NO,2,,,1,2,2,NO,2,3,1,1,2,2,1,3,7,8,5,8,10
60069472,2,31,1,4,2,,1,1,NO,1,,,2,1,1,SI,1,2,1,2,2,1,1,3,6,9,7,6,9
60070011,5,21,1,8,2,,1,2,NO,1,,,3,2,1,NO,1,3,1,1,1,1,2,3,9,8,0,7,6
60070011,7,13,1,8,2,,2,2,NO,2,,,4,2,1,NO,1,3,1,1,1,1,2,3,,,,,
60070031,2,17,1,6,2,,1,2,NO,1,,,3,2,1,SI,1,2,1,2,2,1,1,1,8,8,8,0,10
60070101,1,31,1,2,4,2,1,2,NO,1,,,1,1,1,SI,1,2,2,1,2,1,2,1,5,10,8,10,10
60070451,1,48,1,2,4,2,1,2,NO,1,,,1,1,2,NO,1,2,2,2,2,1,1,3,10,10,10,10,10
60070571,1,47,1,6,4,9,1,3,NO,1,,,4,1,1,SI,1,3,1,1,1,1,2,1,9,6,9,7,7
60070691,7,24,1,8,4,1,1,2,NO,1,,820857,1,1,2,NO,1,2,2,1,2,1,1,4,8,9,9,8,9
60071091,4,42,2,9,3,,1,2,NO,1,,700000,1,1,1,SI,1,3,1,1,2,8,,1,5,10,5,10,10
60071801,2,51,1,2,4,9,1,2,NO,2,,,1,1,1,NO,1,2,1,1,2,1,2,1,4,1,3,4,9
60071921,5,21,1,6,4,2,1,2,NO,1,,,4,2,1,SI,1,3,1,1,2,1,2,1,2,9,8,2,1
60073581,5,21,2,7,3,,1,1,NO,1,,,4,1,1,NO,1,2,2,2,2,10,,1,10,10,10,10,10
60073731,1,47,2,6,1,10,1,2,NO,1,,1100000,1,1,1,NO,1,2,2,1,2,1,2,4,10,10,10,10,10
60074461,1,29,1,2,4,3,1,2,NO,1,,1100000,1,1,1,NO,1,2,2,2,2,1,1,4,9,9,7,9,9
60074621,1,43,1,2,4,1,1,2,NO,1,,750000,1,1,2,NO,2,2,2,2,2,1,1,3,6,9,3,9,10
60074651,1,32,1,2,4,1,1,2,NO,1,,,2,1,2,NO,2,2,2,2,2,1,1,3,8,8,0,8,10
60075001,1,32,1,2,4,3,2,1,NO,1,,,1,1,2,NO,1,2,2,2,2,1,1,1,8,10,2,10,9
60075021,1,47,1,3,2,,1,2,NO,1,,,4,2,2,NO,1,2,2,2,2,1,1,6,5,8,7,7,7
60075291,1,45,1,2,4,4,1,2,NO,1,,1200000,1,1,2,NO,1,2,2,2,2,1,1,3,9,9,6,9,10
60075381,3,34,1,4,2,,1,2,NO,1,,900000,1,1,2,NO,1,2,2,2,2,1,1,3,8,10,4,8,10
60075411,1,37,2,3,4,2,1,2,NO,1,,2500000,1,1,2,NO,2,2,2,2,2,1,1,1,9,9,8,8,9
60075481,1,37,1,2,4,3,1,2,NO,1,,1700000,1,1,2,NO,2,2,2,2,2,1,1,3,9,9,9,9,9
60075831,1,51,1,2,4,4,1,3,NO,1,,500000,1,1,1,NO,2,3,2,1,2,1,1,3,2,5,3,9,9
60076031,1,27,2,3,4,10,1,2,NO,1,,737000,1,1,1,NO,1,2,2,1,2,2,1,4,6,10,10,10,10
60076061,1,62,1,6,4,10,1,2,NO,1,,140000,1,1,1,NO,1,2,1,1,2,1,1,1,3,5,4,9,10
60076561,1,24,2,5,4,2,1,2,NO,1,,700000,1,1,1,SI,1,3,2,2,2,10,,3,5,9,7,8,10
60076981,1,40,1,2,4,2,1,2,NO,1,,980000,1,1,3,SI,2,2,2,2,2,2,2,3,6,8,8,8,9
60077111,2,17,1,6,4,10,1,2,NO,1,,,4,1,1,NO,2,1,2,2,2,2,2,4,9,10,10,10,8
60077111,4,18,1,6,4,1,1,2,NO,1,,,4,1,1,NO,2,1,2,2,2,2,2,4,9,10,5,10,10
60078731,1,51,4,7,4,10,1,1,NO,1,,400000,1,1,1,NO,1,1,2,2,2,1,1,1,10,10,10,10,10
60079681,5,31,1,6,4,10,1,2,NO,1,,600000,1,1,1,NO,1,1,2,3,2,2,1,1,9,9,9,10,9
60079791,4,27,1,5,3,,1,2,NO,1,,99,1,1,1,NO,1,3,2,2,2,1,1,3,10,10,10,8,10
60080011,1,26,1,3,4,4,1,2,NO,1,,737000,1,1,1,NO,1,2,2,2,2,1,1,4,7,9,9,9,8
60080161,2,47,1,3,2,,1,3,NO,1,,,4,2,1,SI,2,3,2,1,2,1,1,1,9,6,6,6,8
60080181,3,31,1,6,3,,1,2,NO,1,,,4,1,1,NO,2,2,2,1,1,1,1,1,5,8,6,0,8
60080221,1,53,1,2,4,2,1,2,NO,1,,,1,1,1,SI,1,3,2,1,2,1,1,3,5,10,3,7,10
60080281,3,37,3,6,3,,1,2,NO,1,,,1,1,1,SI,1,1,2,2,2,1,1,1,9,9,7,8,10
60080301,4,26,2,6,2,,1,3,NO,1,,300000,1,1,2,SI,1,3,1,1,2,1,1,3,4,5,8,4,9
60080431,1,25,1,3,2,,1,2,NO,1,,,4,1,1,NO,1,2,2,2,2,1,1,1,6,10,8,8,10
60080441,2,18,1,3,4,4,1,2,NO,1,,,4,2,1,SI,1,2,1,1,2,1,1,4,9,8,8,4,10
60080631,1,35,1,2,4,2,1,3,NO,1,,,4,1,1,SI,2,2,2,1,2,1,1,1,5,4,5,9,10
60081371,2,34,1,5,2,,1,2,NO,1,,1500000,1,1,2,SI,1,2,2,3,2,1,1,3,7,7,7,9,9
60081691,3,73,1,4,4,10,1,3,NO,2,,,6,2,1,SI,1,2,2,1,2,1,1,1,5,5,10,7,8
60081701,1,42,1,3,4,4,1,2,NO,1,,,1,1,1,NO,1,1,2,2,2,1,1,3,10,10,10,10,10
60082011,6,16,1,8,3,,1,2,NO,1,,,4,2,1,NO,1,1,2,2,2,2,1,3,10,10,10,10,10
60082031,2,30,1,5,2,,1,3,NO,1,,,4,1,1,NO,1,2,2,2,2,1,2,4,10,10,10,10,10
60082571,1,52,1,2,4,2,2,3,NO,1,,,1,1,1,NO,1,3,2,1,2,1,1,1,6,6,7,6,8
60082611,2,40,4,6,2,,1,2,NO,1,,,2,1,1,SI,1,2,1,1,1,1,1,1,10,10,10,10,10
60082631,1,25,2,7,4,2,1,2,NO,1,,737717,1,1,1,NO,1,2,2,1,1,5,,4,5,10,7,10,10
60082681,1,37,3,4,4,1,1,3,NO,1,,,1,1,2,NO,1,3,1,1,2,1,2,3,5,8,8,7,7
60082711,1,31,3,4,4,10,2,2,NO,1,,500000,1,1,2,NO,1,3,1,1,2,1,2,3,0,8,7,0,6
60082791,5,20,1,6,4,4,1,2,NO,1,,,4,1,1,SI,2,2,1,2,2,1,2,1,9,10,10,10,10
60082981,4,24,1,5,3,,1,2,NO,1,,,1,1,1,SI,1,2,1,1,2,1,2,1,5,7,5,5,10
60083001,1,29,1,2,4,3,1,2,NO,1,,,1,1,2,SI,1,2,1,1,2,1,2,3,5,7,6,7,10
60083171,3,30,1,4,3,,1,2,NO,1,,1600000,1,1,1,SI,1,3,1,2,2,1,2,4,5,6,4,9,8
60083181,3,18,1,4,3,,1,2,NO,1,,,4,1,1,SI,1,2,1,1,2,1,1,1,9,10,10,10,10
60083201,2,34,1,4,2,,1,2,NO,1,,,1,1,1,SI,1,2,1,1,2,1,1,1,6,8,10,10,10
60083241,4,19,1,8,3,,1,2,NO,1,,,4,2,1,SI,1,2,1,2,2,1,1,3,9,10,10,10,10
60083271,1,34,2,3,4,1,1,2,NO,1,,1600000,1,1,1,SI,1,2,2,1,2,1,1,4,5,6,6,7,8
60083291,2,51,1,2,4,9,1,3,SI,1,,,5,2,1,NO,1,3,2,2,2,1,2,1,9,2,8,2,10
60083511,3,26,2,6,2,,1,2,NO,1,,,4,1,1,NO,1,2,1,2,2,2,1,1,9,10,10,9,10
60083691,1,38,1,2,4,1,1,3,NO,1,,,4,1,3,SI,1,3,1,1,2,2,1,4,3,8,8,3,10
60083881,2,33,1,3,2,,1,2,SI,2,,,4,2,1,SI,1,2,2,2,2,2,1,1,9,8,8,7,10
60084111,3,46,1,6,2,,1,2,NO,1,,2456000,1,1,2,NO,2,2,2,2,2,1,1,1,5,8,5,8,10
60084131,1,65,1,2,4,1,1,3,NO,1,,,4,1,1,NO,2,2,1,1,2,1,1,1,6,5,5,8,10
60084191,3,31,3,7,3,,2,2,NO,1,,450000,1,1,1,SI,1,2,2,1,2,1,1,1,3,10,5,10,10
60084252,3,21,1,4,4,2,2,2,NO,1,,,1,1,1,NO,1,2,2,1,2,1,1,3,8,10,8,10,10
60084271,1,35,1,7,1,2,1,2,NO,1,,520000,1,1,2,NO,1,1,2,2,2,1,1,1,10,10,10,10,10
60084341,3,39,1,5,2,,1,2,NO,1,,600000,1,1,1,NO,1,2,2,2,2,1,1,1,6,9,8,8,10
60084421,1,58,1,3,2,,1,3,NO,1,,,1,2,1,SI,1,4,1,1,2,1,1,1,2,6,10,1,8
60084441,3,20,1,8,2,,1,2,NO,1,,,2,2,1,NO,1,2,2,3,2,1,1,1,10,10,10,10,10
60084471,2,29,2,6,4,1,1,2,NO,1,,,4,1,1,SI,1,2,2,1,2,1,1,1,6,9,9,8,10
60084471,5,22,1,6,4,1,1,3,NO,1,,,3,1,1,SI,1,2,2,1,2,1,1,1,2,5,8,3,9
60084641,1,45,1,2,4,1,1,2,NO,1,,500000,1,1,2,NO,1,2,2,2,2,1,1,3,8,10,10,10,10
60084661,1,54,1,2,4,1,1,2,NO,1,,250000,1,1,2,SI,1,2,2,2,2,2,1,4,8,8,8,8,10
60084671,2,28,1,3,2,,1,3,NO,1,,,4,1,1,NO,1,2,2,2,2,1,1,1,8,8,9,9,8
60084691,1,35,2,3,4,3,1,2,NO,1,,,1,1,1,SI,1,3,2,1,2,2,1,1,3,9,3,5,10
60084711,1,24,1,2,4,2,1,2,NO,1,,,4,1,1,NO,1,2,2,1,2,10,,1,7,8,7,4,10
60084741,1,51,1,2,4,9,1,3,NO,1,,,6,1,1,NO,1,2,2,2,2,2,2,1,5,4,7,8,10
60084791,3,33,1,8,3,,1,2,NO,1,,,4,1,1,SI,1,3,1,2,2,2,1,1,9,8,8,8,10
60084791,5,31,1,8,3,,1,2,NO,1,,,1,1,1,SI,1,3,1,2,2,2,1,1,8,8,8,8,9
60084791,7,29,1,8,3,,1,2,NO,1,,,1,1,1,SI,1,3,1,2,2,2,1,1,8,9,8,9,10
60084841,1,46,1,2,4,10,1,2,NO,1,,,1,1,1,NO,1,2,2,1,2,2,1,6,3,9,8,8,9
60084861,1,49,1,3,4,10,2,2,NO,1,,,1,1,1,SI,1,2,2,1,2,2,1,1,6,8,7,8,10
60084861,2,27,1,3,2,,1,2,NO,1,,,4,2,1,SI,1,2,2,1,2,2,1,1,6,9,8,8,10
60084931,4,29,1,5,3,,1,2,NO,1,,737000,1,1,1,SI,2,3,1,2,2,1,1,1,8,7,4,10,10
60085001,4,20,1,5,3,,1,2,NO,1,,,4,1,1,SI,2,3,1,1,2,1,2,4,9,8,5,0,10
60085091,1,55,1,2,4,9,1,3,NO,1,,,4,2,1,NO,1,2,1,1,1,1,2,1,9,5,7,3,7
60085262,4,21,1,6,3,,1,2,NO,1,,400000,1,1,1,SI,1,3,1,1,2,1,2,3,9,10,9,8,5
60085901,5,18,1,6,3,,1,2,NO,1,,,3,1,1,SI,2,3,2,1,2,2,1,1,9,7,7,9,8
60086051,2,39,1,3,2,,1,2,NO,1,,,1,1,1,SI,1,2,2,2,2,1,2,1,8,8,8,7,9
60086611,6,37,1,7,4,1,1,3,NO,1,,800000,1,1,1,NO,1,2,2,1,1,1,1,3,7,6,7,8,7
60086861,7,22,2,9,3,,1,2,NO,1,,737000,1,1,1,NO,1,1,1,2,2,1,1,1,8,8,8,8,10
60087061,4,18,1,5,2,,1,2,NO,1,,,4,1,1,SI,1,3,1,2,2,1,1,3,7,8,7,2,10
60087071,4,29,1,5,4,1,1,2,NO,1,,,4,1,1,SI,1,2,1,2,2,1,1,3,9,9,8,3,10
60087341,1,51,1,3,4,1,1,2,NO,1,,,4,2,1,NO,1,2,1,2,2,1,2,1,8,9,9,8,8
60087341,2,19,1,3,2,,1,2,NO,1,,,4,1,1,NO,1,2,1,2,2,1,2,1,8,9,9,7,9
60087611,6,27,1,8,3,,1,1,NO,1,,,4,1,1,SI,1,2,1,1,2,6,,1,9,8,8,7,9
60087941,2,20,1,3,1,5,1,1,NO,1,,240000,1,1,1,NO,1,3,1,1,2,2,1,4,8,8,8,8,9
60088021,3,40,1,5,3,,1,2,NO,1,,,4,1,1,SI,1,2,2,1,2,5,,1,0,8,8,5,7
60088031,1,44,4,5,4,9,1,2,NO,1,,,4,1,1,SI,1,2,1,1,1,1,2,3,9,8,10,7,9
60088051,2,27,2,5,2,,1,1,NO,1,,,1,1,1,SI,1,3,1,1,2,1,1,1,4,10,10,4,10
60088111,1,46,2,8,4,10,1,3,NO,1,,100000,4,2,1,SI,1,4,1,1,2,9,,4,5,7,6,6,7
60088131,1,25,2,3,4,2,1,1,NO,1,,750000,1,1,1,NO,1,3,2,1,1,1,1,3,8,6,8,8,7
60088141,1,47,5,6,4,9,1,2,NO,1,,,1,1,1,NO,1,3,1,1,2,5,,1,4,8,8,4,7
60088181,1,46,4,7,4,1,1,3,NO,1,,,1,1,2,SI,1,3,2,1,2,1,1,4,9,9,6,7,10
60088241,1,42,2,3,4,10,1,3,NO,1,,500000,1,1,1,NO,1,2,2,2,2,1,1,1,5,6,7,6,10
60088261,1,26,2,3,4,9,1,2,NO,1,,150000,4,1,2,SI,2,3,1,2,2,1,1,1,5,10,2,6,9
60088381,3,17,1,6,1,2,1,2,NO,1,,,4,1,1,NO,2,3,1,1,2,2,1,3,9,10,9,9,10
60088381,5,16,1,6,1,3,1,2,NO,1,,30000,1,2,1,NO,2,3,1,1,2,2,1,3,9,9,8,9,10
60088391,1,31,2,3,4,1,1,2,NO,1,,510000,1,1,2,SI,1,2,1,2,2,6,,1,5,7,4,7,10
60088521,1,55,1,2,4,2,1,1,NO,1,,,1,1,1,NO,1,1,2,3,2,1,1,3,8,9,10,8,9
60088701,3,25,1,4,3,,1,2,NO,1,,,3,1,2,NO,1,2,1,1,2,1,1,1,9,10,10,0,10
60088771,1,25,1,3,2,,1,2,NO,1,,500000,1,1,2,SI,1,2,2,2,2,2,1,1,8,8,8,9,8
60089451,4,48,1,4,4,1,1,2,NO,1,,737717,1,1,1,NO,1,2,1,1,2,2,2,5,7,9,9,9,10
60089551,2,44,1,4,2,,1,3,NO,2,,,4,2,1,SI,1,2,1,2,2,1,2,1,9,8,9,8,8
60089951,1,56,2,4,4,1,1,2,NO,1,,,4,1,1,NO,2,3,2,1,2,1,1,1,5,8,5,7,8
60089951,3,17,1,4,2,,1,2,NO,1,,,4,2,1,NO,2,3,2,1,2,1,1,1,5,7,5,7,8
60090031,4,17,1,5,2,,1,1,NO,1,,,3,2,1,SI,1,2,2,2,2,3,,1,5,10,10,5,9
60090501,1,44,2,3,4,3,1,2,NO,1,,1000000,1,1,1,NO,1,2,2,3,2,10,,4,10,10,10,10,10
60090561,1,21,1,2,4,6,2,1,NO,1,,,6,1,2,NO,1,1,2,2,2,10,,3,10,10,10,10,10
60091261,6,28,1,7,2,,1,2,NO,1,,,4,1,1,NO,1,2,1,1,2,2,1,1,9,10,10,0,10
60091281,4,28,1,6,3,,1,2,NO,1,,737000,1,1,1,NO,1,3,2,1,2,1,1,1,8,8,10,9,8
60091321,1,37,1,2,4,9,1,2,NO,1,,,1,1,2,NO,1,2,1,1,1,1,1,3,3,9,8,4,8
60091331,1,59,1,2,4,10,1,2,NO,1,,,4,1,1,NO,1,2,1,1,2,1,1,4,9,4,5,5,6
60091381,1,40,3,7,2,,1,3,NO,1,,,1,1,1,NO,2,3,1,1,2,1,2,3,0,3,2,5,10
60091381,4,20,1,7,2,,1,3,NO,1,,,4,1,1,NO,2,3,1,1,2,1,2,3,4,8,0,0,8
60091751,4,27,1,6,3,,1,2,NO,1,,,4,1,1,NO,1,2,1,2,2,1,1,2,5,10,10,10,10
60091861,3,81,1,3,4,10,1,3,NO,2,,,6,1,2,NO,1,2,1,1,2,1,1,1,9,7,9,6,10
60092231,1,23,1,2,4,10,1,2,NO,1,,250000,4,1,2,SI,1,2,2,1,2,1,1,3,5,10,10,5,10
60092491,1,55,1,3,4,1,1,3,NO,1,,,4,1,1,NO,1,2,1,2,2,1,1,3,8,10,10,7,10
60092511,1,29,1,4,4,4,1,2,NO,1,,820000,1,1,1,NO,1,2,2,2,2,1,1,2,6,9,5,7,8
60093101,4,29,1,6,3,,1,2,NO,1,,737000,1,1,1,NO,1,3,2,2,2,1,1,3,7,5,7,4,7
60093221,5,31,1,6,3,,1,2,NO,1,,,1,1,1,NO,2,2,2,2,2,1,1,1,7,7,6,8,10
60093561,1,44,1,5,4,2,1,2,NO,1,,,1,1,1,SI,1,2,1,2,2,1,2,3,5,8,10,7,10
60093631,4,42,1,5,2,,1,2,NO,1,,,1,1,1,NO,1,2,2,2,2,1,2,1,8,7,3,5,10
60093721,1,54,2,4,4,10,1,2,NO,1,,,4,1,1,NO,1,1,2,2,2,1,1,1,8,9,10,10,9
60093721,3,42,1,4,2,,1,2,NO,1,,737717,1,1,1,NO,1,1,2,2,2,1,1,1,10,10,0,10,10
60093791,3,24,1,5,2,,1,2,NO,1,,,3,1,1,NO,1,2,2,2,2,1,1,3,7,9,5,7,9
60093931,1,29,1,2,4,2,1,2,NO,1,,900000,1,1,2,SI,1,2,2,2,2,1,1,3,8,10,10,10,9
60094151,3,40,1,4,3,,1,3,NO,1,,,6,1,1,SI,1,3,1,1,2,2,1,1,2,5,8,4,10
60094331,3,18,1,6,3,,1,2,NO,1,,240000,1,1,1,NO,1,3,1,2,2,1,2,1,9,10,10,8,7
60094391,1,34,2,3,4,4,1,3,NO,1,,700000,1,1,2,NO,1,2,2,1,2,1,1,2,6,7,8,7,9
60094401,2,27,1,3,1,4,1,1,NO,1,,1440000,1,1,2,NO,1,2,2,2,2,1,1,3,8,10,10,8,9
60094411,2,24,1,4,1,3,1,2,NO,1,,400000,1,1,1,NO,1,2,2,2,2,1,1,1,5,9,8,5,7
60095881,1,52,1,4,4,2,1,2,NO,1,,,4,1,2,NO,1,2,2,2,2,1,1,1,9,5,10,0,10
60095901,2,62,1,6,1,1,1,2,NO,1,,,4,2,1,NO,1,1,2,2,2,1,1,1,9,6,9,5,6
60095901,3,26,1,6,2,,1,2,NO,1,,,4,1,1,NO,1,1,2,2,2,1,1,1,9,10,10,7,9
60095941,1,52,2,5,4,9,2,1,NO,2,,,2,1,1,NO,1,2,1,1,2,1,2,1,5,7,10,7,7
60096041,1,55,2,3,4,1,1,2,NO,1,,,4,1,1,NO,1,2,1,2,2,1,1,1,9,9,9,8,9
60096051,1,27,1,2,4,1,1,2,NO,1,,,4,1,1,NO,1,2,1,2,2,1,1,4,9,9,9,8,9
60096071,1,23,1,2,4,1,1,2,NO,1,,800000,1,1,1,NO,1,2,1,2,2,1,2,3,9,9,9,8,9
60096091,1,38,2,3,4,10,1,2,NO,1,,600000,1,1,1,SI,1,3,1,1,2,4,,3,5,8,10,8,8
60096151,1,54,1,4,4,4,1,2,NO,1,,,1,1,1,NO,1,1,2,3,2,1,1,3,8,8,8,8,10
60096221,4,19,1,6,1,9,1,2,NO,1,,,1,1,1,NO,1,3,1,2,2,2,1,1,0,8,10,0,10
60096281,4,22,1,5,3,,1,2,NO,1,,,4,1,2,NO,1,2,2,1,2,1,1,1,9,9,9,9,10
60096441,1,25,2,3,4,10,1,1,NO,1,,,4,1,1,SI,1,2,2,2,2,1,1,4,9,10,10,10,10
60096681,5,18,1,8,2,,1,2,NO,1,,,4,1,2,SI,2,3,2,1,2,1,1,1,8,9,8,8,10
60096681,7,17,1,8,2,,1,1,NO,1,,,3,2,2,SI,2,3,2,1,2,1,1,1,10,10,10,10,10
60096721,4,34,1,5,3,,1,2,NO,1,,1200000,1,1,2,NO,1,3,1,1,2,1,1,1,10,10,10,10,10
60097231,1,32,2,3,4,1,1,3,NO,1,,300000,1,1,2,SI,1,3,1,1,2,1,1,3,5,7,9,3,10
60097961,2,21,1,4,2,,1,2,NO,1,,737717,1,1,1,NO,1,2,1,2,2,1,1,3,9,9,4,9,9
60098111,1,39,5,6,4,10,1,2,NO,2,,,1,2,1,NO,2,2,1,1,1,1,1,3,0,9,1,3,10
60098121,1,34,2,4,4,2,1,3,NO,1,,,1,1,2,NO,1,2,2,2,2,1,1,3,6,5,8,8,8
60098261,3,25,1,4,3,,1,2,NO,1,,99,1,1,2,SI,1,2,2,3,2,1,1,3,8,9,8,10,8
60098301,5,44,2,7,3,,1,2,NO,1,,1100000,1,1,1,NO,1,2,2,2,2,1,1,1,6,9,3,10,10
60098381,3,37,1,4,4,2,1,2,NO,1,,730000,1,1,1,NO,1,2,2,2,2,1,1,1,7,6,5,8,9
60098441,2,22,1,3,2,,1,2,NO,1,,,4,1,2,NO,1,1,2,2,2,1,1,1,9,9,9,7,10
60098451,2,24,1,5,2,,1,2,NO,1,,737700,1,1,2,NO,1,2,1,1,2,1,1,6,7,7,7,6,8
60098521,1,55,3,7,4,1,1,2,NO,1,,,4,1,1,NO,1,2,1,2,2,1,1,3,9,8,3,0,7
60098521,2,20,1,7,2,,1,2,NO,1,,737717,1,1,1,NO,1,2,1,2,2,1,1,3,7,9,3,8,8
60098521,5,22,1,7,4,2,1,2,NO,1,,737717,1,1,1,NO,1,2,1,2,2,1,1,3,7,8,3,7,7
60098641,2,35,1,3,2,,1,2,NO,1,,3000000,1,1,1,NO,1,2,2,3,2,1,1,6,7,6,7,7,8
60098691,3,30,1,4,4,4,1,2,NO,1,,2000000,1,1,2,NO,2,2,2,1,2,1,1,1,8,8,7,8,8
60099191,2,33,3,6,2,,1,2,NO,1,,,4,1,1,NO,1,2,2,1,2,1,1,1,9,8,9,0,9
60099421,1,27,1,2,4,4,1,2,NO,1,,,1,1,1,NO,1,2,2,2,2,1,1,4,6,8,5,8,10
60099531,1,37,1,2,4,4,1,3,NO,1,,1300000,1,1,2,NO,1,2,2,2,2,1,1,3,7,7,8,9,10
60099551,2,50,1,3,2,,1,3,NO,1,,,4,1,1,NO,1,3,2,1,2,1,1,1,9,0,10,1,10
60099651,1,42,3,4,4,9,1,2,NO,1,,,1,1,1,SI,1,3,2,1,2,1,1,1,2,6,8,1,9
60099671,1,49,2,3,4,9,1,2,NO,1,,,1,1,1,SI,1,3,2,1,2,1,1,1,2,6,9,3,8
60099761,1,58,1,3,2,,1,2,NO,1,,,4,1,1,SI,1,2,2,2,2,8,,1,8,7,8,8,8
60100271,3,41,1,5,2,,2,2,NO,1,,400000,4,1,1,SI,1,3,1,1,2,1,1,1,0,10,8,8,8
60100291,4,22,1,5,3,,1,2,NO,1,,,4,1,2,NO,1,2,2,2,2,1,1,3,0,10,7,3,10
60100801,3,34,1,4,1,10,1,2,NO,1,,,1,1,1,NO,1,2,2,3,2,1,1,3,9,8,9,9,9
60100841,5,25,1,6,4,8,1,3,NO,1,,,4,1,1,NO,1,2,2,1,2,1,1,1,9,7,10,8,10
60100921,4,36,2,6,2,,1,2,NO,1,,,1,1,1,SI,1,2,2,1,2,1,1,1,4,6,6,7,7
60101071,5,17,1,6,3,,1,2,NO,1,,,4,2,1,NO,1,3,2,1,2,1,2,3,9,8,8,8,8
60101161,1,28,1,3,2,,1,3,NO,1,,,1,1,2,SI,1,2,2,2,2,1,1,1,8,6,7,10,10
60101211,1,38,1,2,4,1,1,3,NO,1,,760000,1,1,1,NO,1,2,2,2,2,1,1,1,3,5,8,7,10
60101891,1,49,1,2,4,9,1,2,NO,1,,,4,1,1,NO,1,2,1,2,2,1,2,1,9,9,8,8,10
60101981,1,52,1,2,4,1,1,2,NO,1,,,4,1,1,NO,1,2,1,2,2,2,2,3,8,9,9,8,9
60102021,1,42,3,4,4,1,1,2,NO,1,,1480000,1,1,1,NO,1,2,2,2,2,2,2,3,9,8,10,10,10
60102071,1,36,2,3,4,1,1,2,NO,1,,400000,1,1,1,SI,1,2,1,2,2,2,2,4,9,9,9,9,9
60102181,1,43,2,3,4,4,1,3,NO,1,,737717,1,1,1,NO,2,2,2,2,2,3,,1,7,7,6,10,8
60102431,1,37,2,3,4,1,1,1,NO,1,,1000000,1,1,1,NO,1,1,2,2,2,1,1,1,8,10,10,8,10
60102461,2,23,1,3,2,,1,2,NO,1,,800000,1,1,2,NO,1,2,2,2,2,1,1,1,7,8,9,8,10
60102481,1,61,1,2,4,1,1,3,SI,1,,,5,2,1,NO,1,3,1,1,2,1,1,1,9,9,7,6,10
60102491,2,25,3,5,4,2,1,2,NO,1,,,1,1,1,SI,1,3,1,1,2,1,1,3,7,8,9,8,10
60102511,3,32,1,4,3,,1,2,NO,1,,737717,1,1,1,NO,1,1,2,2,2,1,1,1,10,10,10,8,10
60103451,1,36,2,3,4,3,1,2,NO,1,,,1,2,2,SI,1,2,1,1,2,10,,3,5,6,5,7,5
60103481,1,44,1,2,4,10,1,2,NO,1,,1200000,1,1,2,NO,1,2,2,2,2,10,,3,10,10,10,10,10
60103491,1,36,1,2,4,1,1,1,NO,1,,,1,1,1,NO,1,2,1,2,2,10,,3,10,10,10,10,10
60103511,1,52,1,2,4,2,1,2,NO,1,,900000,1,1,2,NO,1,2,1,2,2,10,,3,8,8,8,7,7
60103561,1,33,2,3,4,3,1,2,NO,1,,1600000,1,1,1,NO,1,2,2,2,2,10,,5,10,10,10,10,10
60103931,1,62,1,2,4,1,1,2,NO,1,,800000,1,2,3,NO,1,3,1,1,1,10,,1,8,8,8,8,10
60104311,1,59,1,3,4,2,1,2,NO,1,,,4,1,1,NO,1,2,2,2,2,10,,1,8,8,8,8,9
60104311,2,24,1,3,2,,1,2,NO,1,,,4,1,1,NO,1,2,2,2,2,10,,1,8,8,8,8,9
60104541,2,25,1,3,2,,1,2,NO,1,,,2,1,2,NO,2,2,2,2,2,1,1,6,3,8,6,4,7
60104651,3,24,2,7,3,,1,2,NO,1,,850000,1,1,1,NO,1,3,2,2,2,1,1,3,7,10,5,9,10
60104711,3,38,1,5,3,,2,2,NO,1,,,2,1,1,NO,2,2,2,2,2,1,1,2,9,9,2,8,10
60104821,1,75,1,2,4,10,1,3,NO,2,,,4,1,1,NO,1,2,2,2,2,6,,1,9,5,7,6,10
60104841,1,58,1,4,4,10,1,3,NO,1,,50000,4,1,1,NO,1,3,1,1,1,6,,4,9,10,10,10,10
60104841,3,53,1,4,4,10,1,3,NO,1,,65000,4,1,1,NO,1,3,1,1,1,6,,4,5,4,10,5,10
60104891,6,41,1,7,2,,1,2,NO,1,,,1,1,1,SI,1,3,1,1,2,6,,1,9,10,10,10,10
60105041,3,22,1,4,2,,1,2,NO,1,,,4,1,1,NO,1,2,2,2,2,2,1,1,9,9,8,9,10
60105251,1,36,2,4,4,9,1,2,NO,2,,240000,1,2,1,SI,1,2,1,1,2,2,1,5,9,9,9,9,9
60105261,3,62,1,4,1,9,1,3,NO,1,,,4,1,2,SI,1,2,2,2,2,1,2,1,9,6,6,0,10
60105331,1,50,1,2,4,1,1,3,NO,1,,,1,1,1,NO,1,2,2,2,2,1,1,3,10,6,10,10,10
60105401,4,21,1,5,3,,1,2,NO,1,,,1,1,1,SI,2,2,2,1,2,6,,1,10,10,10,10,9
60105471,4,20,1,5,3,,1,1,NO,1,,,4,1,1,SI,1,2,2,1,2,4,,2,6,8,6,6,7
60105541,1,42,2,3,4,2,1,3,NO,1,,,1,1,2,NO,1,2,1,2,2,1,1,3,5,9,9,9,9
60105881,3,20,1,8,3,,1,3,NO,1,,,4,1,1,SI,1,2,2,1,2,1,1,1,9,4,2,0,9
60106011,1,41,5,6,4,2,1,2,NO,1,,820000,1,1,2,NO,1,3,2,1,2,1,1,1,4,9,8,7,10
60106031,1,34,2,4,4,1,1,2,NO,1,,,2,1,1,NO,1,3,2,1,2,1,1,4,4,9,7,4,10
60106421,7,23,1,8,4,1,1,2,NO,1,,737000,1,1,1,NO,1,2,2,2,2,1,1,4,6,10,8,9,10
60106811,4,24,1,6,2,,1,2,NO,1,,,4,1,1,SI,1,2,2,2,2,1,1,1,9,9,5,5,10
60108371,1,30,2,4,4,4,1,2,NO,1,,1768000,1,1,1,NO,1,2,2,2,2,1,1,3,7,8,7,8,8
60108411,3,23,1,6,3,,1,2,NO,1,,,4,2,1,NO,1,2,1,1,2,1,1,1,9,6,6,9,10
60108501,2,38,2,4,2,,1,2,NO,1,,,4,1,1,SI,1,2,1,1,2,1,1,3,8,7,8,8,10
60108561,1,32,1,2,4,1,1,2,NO,1,,,1,1,1,SI,1,2,2,2,2,1,1,3,9,9,0,9,10
60108611,3,35,1,6,2,,1,2,NO,1,,350000,1,1,1,NO,1,1,2,2,2,1,1,1,8,9,8,10,10
60108611,5,33,1,6,2,,1,1,NO,1,,700000,1,1,1,NO,1,1,2,2,2,1,1,1,8,10,6,10,10
60108761,4,39,1,7,2,,1,2,NO,1,,,1,1,1,NO,1,2,2,2,2,1,1,1,7,9,8,7,10
60108761,6,35,1,7,2,,1,2,NO,1,,,1,1,1,NO,1,2,2,2,2,1,1,1,8,10,10,10,10
60108781,1,36,1,2,4,9,1,2,NO,1,,,4,1,2,NO,1,3,2,1,2,1,1,4,9,9,10,10,10
60108821,3,24,1,7,3,,1,2,NO,1,,,1,1,2,NO,1,2,2,3,2,1,1,3,6,8,6,5,10
60109001,5,36,1,6,3,,1,2,NO,1,,783000,1,1,1,NO,1,2,2,3,2,2,1,3,10,8,8,10,10
60109011,4,42,1,5,3,,1,2,NO,1,,737717,1,1,1,SI,1,2,2,1,2,2,1,3,5,9,10,6,10
60109701,6,36,1,7,3,,1,2,NO,1,,737717,1,1,1,NO,1,2,2,2,2,6,,1,8,10,7,7,9
60109841,1,53,1,2,4,1,1,2,NO,1,,1300000,1,1,1,NO,1,2,2,2,2,10,,1,8,10,8,10,10
60111971,1,54,1,2,4,4,1,1,NO,1,,1800000,1,1,2,NO,1,2,2,3,2,10,,3,8,7,7,5,6
60112021,1,58,1,2,4,1,1,3,NO,1,,,4,1,1,NO,1,2,1,1,2,10,,3,7,6,6,6,8
60112111,4,75,1,4,4,1,1,2,NO,1,,,4,2,1,NO,1,2,2,2,2,10,,1,8,8,9,8,10
60112121,1,26,1,2,4,2,1,2,NO,1,,800000,1,1,3,NO,1,3,1,1,2,10,,1,8,8,8,8,10
60112201,2,85,1,3,4,1,1,3,NO,1,,,5,2,1,NO,1,2,2,2,2,10,,1,8,8,9,8,9
60112211,4,63,1,4,4,1,1,2,NO,1,,,4,1,1,NO,1,2,2,2,2,10,,1,9,8,9,9,9
60112321,1,34,2,4,4,1,1,3,NO,1,,800000,1,1,2,NO,1,2,2,1,2,1,1,2,6,5,7,7,9
60112471,3,34,4,7,2,,1,2,NO,1,,700000,1,1,1,SI,1,2,1,1,2,1,1,1,7,8,6,7,10
60112551,1,40,3,5,4,1,1,3,NO,1,,400000,1,1,2,SI,1,2,1,1,1,1,1,1,2,4,8,4,9
60112551,2,16,1,5,2,,1,2,NO,1,,,4,1,2,SI,1,2,1,1,1,1,1,1,9,5,8,8,8
60112581,3,24,1,4,4,1,1,2,NO,1,,220000,1,1,2,NO,1,2,2,2,2,1,1,1,6,9,5,6,8
60112611,2,23,1,3,2,,1,2,NO,1,,,2,1,1,NO,1,3,2,1,2,6,,1,6,5,7,6,7
60113111,6,26,1,11,3,,1,1,NO,1,,1200000,1,1,1,SI,1,3,2,2,2,1,1,3,10,10,10,10,10
60113571,1,35,2,3,4,10,1,2,NO,1,,737000,1,1,2,NO,1,1,2,2,2,1,1,3,10,10,10,10,10
60113681,1,28,2,3,4,1,1,2,NO,1,,,1,1,1,NO,1,3,2,1,2,1,1,3,8,8,7,10,10
60113691,1,32,1,2,4,9,1,1,NO,1,,,1,1,2,NO,1,2,2,2,2,1,1,4,8,10,10,6,10
60114151,1,50,2,3,4,1,1,2,NO,1,,1500000,1,1,2,NO,1,2,2,2,2,1,1,3,8,10,10,10,10
60114171,1,31,2,3,4,1,1,2,NO,1,,,4,1,1,NO,1,2,2,2,2,1,1,3,8,10,9,6,10
60114211,3,31,1,4,3,,1,3,NO,1,,,4,1,1,SI,1,3,1,1,2,4,,3,7,2,5,2,10
60114611,5,26,1,6,3,,1,1,NO,1,,737717,1,1,1,NO,1,2,1,1,2,2,1,1,6,9,6,6,7
60114941,7,30,1,8,3,,1,2,NO,1,,737000,1,1,1,SI,1,2,2,2,2,1,2,1,8,6,6,7,8
60114981,5,20,1,6,3,,1,2,NO,1,,737717,1,1,1,SI,1,2,2,2,2,1,1,1,9,9,9,9,9
60115021,3,15,1,7,2,,1,2,NO,1,,,3,1,1,SI,1,2,2,2,2,1,2,1,8,8,8,8,9
60115061,4,34,2,6,4,2,1,2,NO,1,,350000,1,1,1,NO,1,2,2,2,2,1,1,1,8,7,7,7,9
60115281,3,21,2,5,4,1,1,3,NO,1,,,4,1,3,SI,1,3,2,1,2,2,1,1,2,6,8,6,10
60115303,1,36,1,3,4,1,1,3,NO,1,,200000,6,1,1,NO,2,2,1,1,2,2,1,4,3,5,6,7,10
60115331,1,35,2,3,4,1,1,3,NO,1,,1000000,1,1,2,SI,2,2,2,2,2,2,1,3,5,8,4,7,8
60115471,2,55,1,4,2,,1,3,NO,1,,,4,1,1,SI,1,3,1,2,1,1,1,1,9,6,7,5,10
60115601,2,52,1,3,2,,1,3,NO,1,,3300000,1,1,1,SI,2,2,1,1,2,1,2,2,8,8,6,8,10
60115621,3,21,1,4,2,,1,2,NO,1,,,4,1,1,SI,2,2,1,2,2,1,2,1,9,10,10,9,10
60115671,3,37,1,4,3,,1,2,NO,1,,,4,1,1,NO,1,2,2,2,2,1,2,1,9,7,8,9,10
60115721,2,34,1,4,2,,1,2,NO,1,,,1,1,1,SI,1,2,2,2,2,2,2,1,6,6,5,9,10
60115931,1,57,1,3,4,1,1,2,NO,1,,,4,1,1,SI,1,3,1,1,2,1,2,1,9,7,8,8,10
60116001,1,66,1,2,4,10,1,2,NO,2,,,4,2,1,NO,1,3,1,1,2,9,,1,9,7,10,10,10
60116071,1,45,2,3,4,1,1,2,NO,1,,,4,1,1,SI,1,3,1,1,2,9,,4,6,9,8,10,10
60116301,2,55,1,3,4,1,1,2,NO,1,,,4,1,2,NO,2,2,2,1,2,1,1,4,3,5,5,9,10
60116341,1,29,1,2,4,2,1,2,NO,1,,,4,1,2,NO,1,2,1,2,2,1,2,4,8,9,9,9,9
60118031,2,30,1,3,1,4,1,2,NO,1,,,1,1,1,NO,1,1,2,1,2,10,,1,7,5,7,6,9
60118151,3,26,1,4,3,,1,2,NO,1,,,4,1,1,SI,1,3,1,1,1,10,,1,7,7,6,7,9
60118161,1,70,2,7,4,1,1,2,NO,1,,,4,1,1,NO,1,2,2,2,2,10,,1,8,8,8,8,9
60118241,3,32,1,4,2,,1,1,NO,1,,1042000,1,1,1,NO,1,1,2,2,1,10,,1,10,10,10,10,10
60118401,3,25,1,4,3,,1,1,NO,1,,950000,1,1,1,NO,1,2,2,2,2,10,,1,10,10,10,10,10
60118491,1,30,3,4,4,4,1,2,NO,1,,,4,1,3,SI,2,3,1,1,2,10,,3,10,10,10,10,10
60118631,1,54,1,4,4,3,1,2,NO,1,,,4,1,1,NO,1,2,2,2,2,10,,1,9,8,8,9,2
60118661,1,53,1,4,4,1,1,2,NO,1,,,4,1,1,NO,1,2,2,2,2,5,,5,10,10,10,10,10
60118681,3,32,2,7,3,,1,2,NO,1,,1000000,1,1,1,SI,1,2,2,2,2,1,2,1,10,10,10,10,10
60118711,1,58,1,3,4,2,1,2,NO,1,,,4,2,1,NO,1,2,2,1,2,10,,1,5,5,5,4,7
60118851,1,34,1,3,4,4,1,3,NO,1,,,4,1,2,NO,1,2,2,2,2,10,,3,9,7,10,10,7
60118861,1,36,1,2,4,4,1,1,NO,1,,1700000,1,1,2,NO,1,1,2,2,2,10,,3,10,10,10,10,10
60118911,1,65,1,2,4,2,1,2,NO,1,,,4,1,1,NO,1,2,2,2,2,10,,1,8,9,8,9,9
60118951,3,47,1,4,3,,1,2,NO,1,,3500000,1,1,1,NO,1,2,2,2,2,1,1,1,8,9,7,10,10
60119081,1,42,3,4,4,10,1,2,NO,1,,500000,1,1,1,NO,1,2,1,1,2,1,1,2,7,7,10,8,10
60119201,1,51,1,2,4,10,1,1,NO,1,,3000000,1,1,1,NO,1,1,2,2,2,1,1,1,10,10,10,10,10
60119241,1,38,2,3,4,2,1,2,NO,1,,1100000,1,1,1,NO,1,2,2,2,2,1,1,3,9,10,5,10,10
60119261,5,31,1,6,2,,1,1,NO,1,,2100000,6,1,2,NO,2,1,2,2,2,1,1,1,7,10,6,7,10
60119351,1,41,2,4,4,8,1,2,NO,1,,,4,1,2,NO,2,2,2,2,2,1,1,3,8,9,9,8,9
60119391,1,29,1,3,1,2,1,2,NO,1,,737717,1,1,1,SI,1,2,2,2,2,1,1,3,9,8,5,8,10
60119641,1,34,2,3,4,10,1,3,NO,1,,737000,1,1,2,NO,1,2,2,2,2,1,1,3,0,5,5,5,10
60120191,1,53,1,3,4,2,1,3,NO,1,,,1,1,1,NO,1,2,2,2,2,1,1,1,8,6,8,8,8
60120191,2,20,1,3,2,,1,2,NO,1,,730000,1,1,1,NO,1,2,2,2,2,1,1,1,8,8,7,7,10
60120251,4,35,2,6,3,,1,2,NO,1,,2000000,1,1,1,NO,1,2,2,2,2,1,1,1,10,9,4,8,10
60120401,1,66,1,2,4,9,1,2,NO,1,,737717,1,1,1,NO,1,2,2,2,2,1,1,6,7,9,4,8,9
60120411,1,30,2,3,4,1,1,2,NO,1,,,1,1,3,NO,1,2,2,2,2,1,1,3,8,8,7,8,9
60120421,3,28,1,4,2,,1,2,NO,1,,900000,1,1,1,NO,1,2,2,1,2,1,1,3,10,10,5,5,10
60120451,2,51,1,4,2,,1,2,NO,1,,2000000,1,1,1,NO,2,1,1,2,2,1,1,1,8,8,8,8,9
60120731,1,68,1,2,4,10,1,3,NO,1,,,4,1,1,NO,2,2,2,2,2,1,1,1,7,3,7,10,10
60121001,1,45,2,6,4,2,1,1,NO,1,,,4,1,1,NO,2,1,2,2,2,1,1,6,6,8,5,7,8
60121171,2,29,1,3,1,4,1,2,NO,1,,,1,1,2,NO,2,2,2,2,2,1,2,1,10,10,10,10,10
60121251,1,44,1,2,4,2,1,2,NO,1,,3000000,1,1,1,NO,1,1,2,3,2,1,1,1,9,9,4,9,10
60121541,1,37,1,3,2,,1,2,NO,1,,737000,1,1,2,NO,2,2,1,1,2,1,1,3,7,9,5,7,8
60121601,5,18,1,6,3,,1,2,NO,1,,,3,1,2,NO,1,2,1,2,2,1,1,3,9,10,4,8,10
60121881,2,18,1,3,1,2,1,2,NO,1,,,3,2,1,NO,1,2,2,2,2,1,1,6,10,9,9,0,10
60121921,1,52,1,2,4,2,1,2,NO,1,,737717,1,1,1,NO,2,2,2,2,2,1,1,3,9,10,3,9,10
60122051,3,30,1,5,3,,1,2,NO,1,,1100000,1,1,2,NO,1,2,2,2,2,1,1,6,7,10,3,8,10
60122091,1,28,1,2,4,4,1,1,NO,1,,700000,1,1,2,NO,2,2,2,2,2,1,1,3,7,10,0,10,9
60122121,1,53,1,2,4,10,1,2,NO,1,,,1,1,1,NO,1,2,2,1,2,1,1,1,5,6,2,8,10
60122511,3,45,1,4,3,,1,2,NO,1,,1500000,1,1,2,NO,1,2,2,3,2,1,1,4,8,9,3,8,10
60122731,1,30,1,2,4,2,1,2,NO,1,,730000,1,1,2,NO,1,2,2,2,2,1,1,3,8,9,8,10,10
60122951,1,48,1,2,4,2,1,2,NO,1,,,1,1,2,NO,1,2,2,2,2,1,1,4,7,10,8,10,10
60123001,4,36,1,5,2,,1,2,NO,1,,1200000,1,1,1,NO,1,1,2,2,2,1,1,3,8,8,4,8,9
60123231,1,32,1,2,4,9,1,2,NO,1,,1000000,1,1,3,NO,1,2,2,1,2,1,2,3,5,10,10,10,10
60123311,1,54,1,2,4,9,1,2,NO,1,,,4,1,1,SI,1,2,2,2,2,1,2,1,5,8,10,8,8
60123321,1,47,1,3,4,1,1,2,NO,1,,,1,1,1,NO,1,2,2,2,2,1,2,1,10,10,10,10,9
60123361,1,42,2,3,4,1,1,2,NO,1,,,1,1,1,NO,1,2,2,2,2,8,,3,10,10,10,10,10
60123381,1,50,2,4,4,10,1,3,NO,1,,,6,1,2,NO,1,3,2,1,2,1,2,3,3,3,8,3,6
60123391,1,22,2,3,4,4,1,2,NO,1,,789000,1,1,2,NO,1,3,2,2,1,2,2,3,9,10,8,9,10
60123521,3,22,1,4,3,,1,2,NO,1,,737717,1,1,1,NO,1,1,2,1,2,1,2,1,10,10,10,10,10
60123701,3,26,1,4,3,,1,2,NO,1,,600000,1,1,1,NO,1,2,1,1,2,3,,1,10,10,10,10,10
60123971,4,22,1,6,1,6,1,2,NO,1,,,4,1,1,NO,1,2,2,3,2,1,1,1,10,10,10,10,10
60124461,3,34,1,4,2,,1,4,NO,1,,,5,1,2,NO,2,2,2,2,2,1,1,3,9,0,3,0,7
60124481,1,53,1,2,4,9,1,4,NO,1,,,5,1,2,NO,2,4,2,2,2,1,1,3,1,1,0,1,10
60124561,1,46,3,5,4,10,1,2,NO,1,,,1,1,1,NO,1,2,2,2,2,1,1,1,10,8,5,8,10
60124601,1,30,2,3,4,1,1,2,NO,1,,779000,1,1,1,NO,1,2,2,2,2,1,1,3,7,9,8,6,10
60124621,1,47,2,3,4,2,1,2,NO,1,,700000,1,1,2,NO,2,2,2,2,2,1,1,2,10,8,8,10,10
60124661,1,50,1,2,4,10,2,3,NO,1,,,2,1,2,NO,2,3,2,1,2,1,1,2,1,6,6,0,8
60124721,1,60,1,2,4,10,1,3,NO,1,,,4,1,1,NO,1,2,2,2,2,1,1,1,2,5,6,0,8
60124781,3,40,1,4,4,9,1,3,NO,1,,,4,1,1,NO,2,3,1,1,2,1,1,3,4,5,5,6,7
60124801,1,54,1,2,4,9,1,2,NO,1,,,4,1,2,NO,2,3,2,1,2,1,1,3,5,7,6,4,7
60124832,4,18,1,5,2,,1,2,NO,1,,,3,2,1,NO,1,2,2,3,2,2,1,3,9,10,10,10,10
60124911,4,53,2,5,4,1,1,2,NO,1,,,4,1,2,NO,2,1,2,1,2,1,1,2,4,8,6,4,9
60125081,2,21,1,3,2,,1,1,NO,1,,737717,1,1,2,NO,2,2,2,2,2,3,,2,7,10,5,7,7
60125611,1,37,5,6,4,10,1,2,NO,2,,500000,1,1,1,NO,1,3,1,1,2,1,1,3,7,9,9,7,8
60126941,4,22,1,5,2,,1,1,NO,1,,,3,1,1,NO,1,2,2,2,2,1,2,1,5,10,7,5,10
60126981,1,35,1,3,4,1,1,2,NO,1,,,2,1,2,NO,2,2,2,2,2,1,1,2,9,7,8,6,8
60127001,1,34,2,3,4,1,1,2,NO,1,,,1,1,1,NO,1,2,2,2,2,1,1,1,7,8,8,7,8
60127181,1,26,3,4,4,3,1,2,NO,1,,,4,1,2,NO,1,2,2,2,2,1,1,3,10,8,10,9,10
60127491,3,52,1,4,2,,1,2,NO,1,,,4,1,1,NO,1,2,2,2,2,1,2,1,9,10,8,10,10
60127691,1,41,2,4,4,2,1,2,NO,1,,,1,1,2,NO,1,2,1,2,2,1,1,3,6,8,5,7,9
60127731,3,29,2,5,4,3,1,3,NO,1,,,4,1,1,NO,1,2,2,2,2,1,1,1,9,5,9,8,10
60127921,1,38,1,2,4,1,1,1,NO,1,,920000,1,1,2,NO,1,2,1,2,2,1,1,1,10,10,4,7,10
60128331,1,42,2,3,4,2,1,2,NO,1,,,4,1,1,NO,1,3,1,1,2,6,,1,5,8,8,5,8
60128391,4,29,1,7,2,,1,2,NO,1,,730000,1,1,1,NO,1,3,1,1,1,6,,5,7,7,7,7,8
60128391,6,26,1,7,2,,1,2,NO,1,,630000,1,2,1,NO,1,3,1,1,1,6,,5,7,8,8,8,8
60128451,1,34,1,3,2,,1,3,NO,1,,,4,1,1,NO,1,3,2,1,2,2,2,1,3,5,10,10,10
60128481,1,45,2,3,4,9,1,2,NO,2,,,1,2,1,NO,1,4,1,1,2,2,2,1,4,10,10,6,8
60128611,3,19,1,4,4,2,2,2,NO,1,,,3,1,1,NO,1,3,1,1,2,2,2,1,9,7,7,7,7
60128751,2,23,1,3,4,1,1,2,NO,1,,200000,1,1,2,NO,1,3,1,1,2,1,1,3,5,10,6,7,9
60128761,4,62,1,4,4,1,1,3,NO,1,,,4,1,2,NO,1,1,1,2,2,1,1,3,9,8,8,8,8
60129091,1,73,1,3,4,10,1,3,SI,1,,,5,2,1,SI,1,3,1,1,2,2,1,1,2,3,9,2,5
60129171,3,78,1,6,4,9,1,3,SI,2,,,4,2,1,SI,1,2,1,2,2,6,,1,5,6,6,5,5
60129231,1,52,1,3,2,,1,3,NO,1,,,1,1,1,SI,2,4,2,1,2,2,1,3,5,5,4,5,8
60129351,4,36,1,10,2,,1,3,NO,1,,350000,1,1,1,SI,1,2,1,2,2,2,1,1,8,6,10,9,10
60129351,6,33,2,10,2,,1,2,NO,1,,1200000,1,1,1,SI,1,2,1,2,2,2,1,1,8,9,8,8,10
60129351,9,30,1,10,2,,1,2,NO,1,,,1,1,1,SI,1,2,1,2,2,2,1,1,6,5,10,9,10
60129361,4,20,1,5,2,,1,2,NO,1,,400000,1,1,1,SI,1,2,2,1,2,1,2,1,9,8,7,7,10
60129511,1,55,1,3,4,9,1,3,NO,1,,,4,1,1,SI,1,2,1,1,2,2,2,4,5,5,5,5,6
60129511,2,29,1,3,2,,1,2,NO,1,,250000,1,1,1,SI,1,2,1,1,2,2,2,4,7,9,3,8,7
60129541,1,29,1,2,4,1,1,3,NO,1,,,4,1,1,NO,1,2,1,2,2,2,2,3,7,5,6,8,10
60129701,1,46,1,3,4,1,1,2,NO,1,,,1,1,2,SI,1,2,2,2,2,1,1,3,7,7,7,7,10
60129701,2,25,1,3,2,,1,2,NO,1,,,4,1,2,SI,1,2,2,2,2,1,1,3,8,9,7,4,10
60129821,1,35,2,3,4,1,1,3,NO,1,,,1,1,1,SI,2,3,2,1,2,1,1,2,8,6,6,7,10
60129971,1,36,1,2,4,1,1,2,NO,1,,,1,1,1,SI,1,3,1,1,1,1,1,3,4,5,9,4,7
60130061,1,54,1,2,4,10,1,3,NO,1,,,4,2,1,NO,1,3,1,1,2,1,1,3,9,6,7,6,7
60130271,1,46,1,2,4,1,1,2,NO,1,,,4,2,1,NO,1,2,1,2,2,2,1,1,5,10,7,7,10
60130291,5,27,1,6,3,,1,2,NO,1,,460000,1,1,1,SI,1,2,2,2,2,2,1,1,10,10,10,8,10
60130371,1,82,1,2,4,10,1,2,NO,1,,,4,2,1,NO,1,2,2,3,2,1,1,1,8,9,9,9,10
60130421,1,44,2,3,4,10,1,3,NO,1,,700000,1,1,1,NO,1,3,1,2,2,2,1,1,3,1,1,5,3
60130451,1,42,2,3,4,1,1,1,NO,1,,,1,1,1,SI,1,3,2,2,2,2,1,1,7,10,9,7,10
60130561,1,24,1,4,4,2,1,2,NO,1,,400000,1,1,2,NO,1,2,1,1,2,1,1,3,5,8,8,8,9
60130611,1,56,1,5,4,10,1,2,NO,1,,,4,2,1,SI,1,3,2,2,2,2,2,1,4,7,7,5,10
60130791,3,47,1,3,4,9,1,2,NO,1,,,4,1,1,SI,1,2,2,1,2,1,1,1,9,9,9,6,8
60130931,4,25,1,5,3,,1,2,NO,1,,,4,1,1,SI,2,3,2,2,2,1,1,1,5,8,3,8,9
60131041,4,19,1,6,2,,1,2,NO,1,,280000,4,1,1,SI,1,3,2,2,2,1,1,1,4,9,8,6,10
60131311,3,26,1,5,3,,1,1,NO,1,,600000,1,1,2,NO,1,1,2,1,2,1,1,3,7,10,7,10,9
60131331,5,63,1,6,4,10,1,3,NO,1,,,4,2,2,SI,1,3,2,1,2,1,1,3,9,7,9,5,10
60132861,3,46,1,4,3,,1,2,NO,1,,,4,1,2,SI,1,2,2,2,2,1,1,1,10,10,10,10,10
60132961,2,20,1,3,2,,1,2,NO,1,,600000,1,1,1,SI,1,2,2,2,2,2,1,5,8,7,8,6,8
60133101,2,32,1,4,4,9,1,2,NO,1,,,4,1,2,NO,1,2,2,2,2,1,1,1,9,9,8,5,10
60134071,6,35,1,9,3,,1,2,NO,1,,800000,1,1,2,NO,1,2,1,2,2,1,1,1,9,8,9,8,9
60134071,8,36,1,9,3,,1,2,NO,1,,,4,1,2,NO,1,2,1,2,2,1,1,1,9,9,9,8,9
60134111,2,24,1,3,2,,2,2,NO,1,,,2,1,1,NO,1,2,2,1,2,2,1,1,9,9,8,8,10
60134241,2,25,1,3,2,,1,2,NO,1,,800000,1,1,2,NO,1,2,2,2,2,1,1,1,7,8,9,9,9
60134301,2,38,1,5,2,,1,2,NO,1,,,1,1,2,NO,1,2,1,2,2,1,1,1,9,9,9,9,9
60134321,1,35,2,3,4,2,1,2,NO,1,,,1,1,2,NO,1,2,1,2,2,1,1,3,9,9,9,9,9
60134381,1,28,1,2,4,3,1,2,NO,1,,1218000,1,1,2,NO,1,2,2,2,2,1,1,4,6,8,8,8,10
60134451,1,55,1,5,4,9,1,2,SI,1,,,4,2,1,NO,1,3,2,1,2,1,1,1,3,4,9,8,10
60134531,1,21,1,4,2,,1,3,NO,1,,,4,1,2,NO,1,4,1,2,1,1,1,3,8,8,6,7,10
60134531,3,41,2,4,4,1,1,3,NO,1,,737000,1,1,2,NO,1,4,1,2,1,1,1,3,8,4,9,8,9
60134851,4,20,1,5,3,,1,2,NO,1,,680000,1,1,2,NO,1,2,1,2,2,1,1,3,7,7,8,8,9
60134941,3,39,2,6,2,,1,2,NO,1,,,4,1,1,SI,1,4,1,1,1,1,1,1,6,6,7,6,7
60135001,1,33,1,2,4,10,2,3,NO,1,,655000,1,1,2,SI,1,2,2,1,2,1,1,3,4,8,10,10,10
60135991,1,37,2,3,4,1,1,2,NO,2,,,1,1,1,SI,1,3,2,1,1,1,2,1,6,10,10,10,7
60136071,3,16,1,7,3,,1,2,NO,1,,,4,2,1,SI,1,2,2,2,2,5,,1,9,10,10,8,7
60136171,1,29,1,2,4,2,1,3,NO,1,,,1,1,1,SI,1,2,2,2,2,5,,1,8,5,6,8,9
60136451,1,40,4,5,4,3,1,2,NO,1,,,1,1,1,SI,1,2,1,1,2,5,,1,6,6,9,10,7
60136651,3,36,1,9,3,,1,2,NO,1,,,4,1,1,NO,1,2,1,1,2,1,2,1,8,8,9,8,9
60136651,5,35,1,9,3,,1,2,NO,1,,,5,2,1,NO,1,2,1,1,2,1,2,1,9,8,8,8,9
60136651,7,31,2,9,3,,1,1,NO,1,,,4,2,1,NO,1,2,1,1,2,1,2,1,8,7,8,7,9
60136661,6,28,2,9,4,1,1,2,NO,1,,,4,2,1,SI,1,2,1,1,2,1,2,1,8,9,8,8,6
60136781,1,55,1,6,4,1,1,2,NO,1,,,1,2,1,NO,1,2,1,1,2,1,2,1,9,9,8,8,8
60136811,3,20,1,5,3,,1,2,NO,1,,,4,2,1,NO,1,2,1,1,2,1,2,1,6,7,6,7,7
60136821,1,52,1,2,4,1,1,2,NO,1,,,1,1,1,NO,1,2,1,1,2,1,1,1,8,7,10,7,10
60137551,5,26,1,6,3,,1,2,NO,1,,,4,1,1,NO,1,3,1,1,1,10,,3,8,8,8,8,9
60137571,4,30,1,5,2,,1,2,NO,1,,1500000,1,1,1,NO,2,2,1,1,2,1,2,1,10,10,10,10,10
60137701,1,58,1,2,4,2,1,2,NO,1,,,4,2,1,NO,1,2,2,2,2,1,2,1,8,7,7,7,7
60137761,1,36,2,3,4,3,1,2,NO,1,,800000,1,1,2,NO,1,2,2,2,2,10,,3,8,8,8,8,9
60137911,1,51,1,4,4,3,1,2,NO,1,,,4,1,1,NO,1,3,1,1,1,10,,1,8,8,8,8,9
60137911,3,29,1,4,2,,1,2,NO,1,,,4,1,1,NO,1,3,1,1,1,10,,1,8,8,8,8,9
60137931,4,28,1,5,3,,1,2,NO,1,,,2,1,2,NO,1,2,2,2,2,10,,3,8,8,8,8,9
60137951,1,66,3,4,4,2,1,2,NO,1,,,4,1,1,NO,1,3,1,1,1,10,,2,8,8,8,8,9
60138491,4,18,1,5,1,2,1,2,NO,1,,,4,1,1,SI,1,1,1,1,2,2,2,1,9,9,7,6,7
60138731,1,47,1,2,4,9,1,2,NO,1,,,1,1,1,NO,2,3,1,1,2,1,1,1,10,10,4,10,10
60138881,7,30,1,8,3,,1,2,NO,1,,1300000,1,1,1,SI,1,2,2,2,2,1,1,1,9,10,10,10,10
60138891,1,53,2,3,4,10,1,1,NO,1,,,1,1,1,NO,1,2,2,2,2,1,1,1,8,8,8,10,10
60139501,1,55,2,4,4,9,2,1,NO,1,,,4,1,2,NO,1,2,2,1,2,1,2,1,5,10,9,8,8
60139521,1,42,3,4,4,4,1,2,NO,1,,,1,1,1,NO,1,2,2,1,2,1,2,3,6,9,8,6,9
60139551,6,21,1,7,2,,1,2,NO,1,,,4,1,2,NO,1,3,1,1,1,1,2,3,9,8,8,9,8
60139601,11,23,2,13,3,,1,2,NO,1,,,4,2,1,SI,1,3,2,2,2,2,2,1,9,7,7,7,7
60139751,3,50,2,6,4,1,1,2,NO,1,,,1,1,1,SI,1,3,2,1,2,2,1,1,6,8,9,8,9
60139781,1,39,1,2,4,9,1,2,NO,1,,,4,1,1,SI,1,2,2,1,2,2,1,4,7,5,7,5,10
60139831,1,59,1,3,4,1,1,2,NO,1,,,4,1,1,SI,1,2,2,2,2,2,1,1,8,8,9,9,8
60139831,2,41,1,3,2,,1,2,NO,1,,,1,1,1,SI,1,2,2,2,2,2,1,1,9,10,9,9,9
60140031,1,56,2,5,4,2,1,4,NO,1,,,6,1,1,SI,1,2,2,2,2,1,1,3,0,0,8,5,10
60140251,3,20,1,5,2,,1,2,NO,1,,,3,1,1,NO,1,3,2,1,2,1,1,3,9,10,10,9,7
60140591,1,53,1,5,4,9,1,3,NO,2,,,4,2,1,SI,1,3,1,1,2,1,2,1,9,6,9,9,10
60140921,4,25,1,5,3,,1,1,NO,1,,,1,1,1,NO,1,1,2,3,2,1,1,1,9,10,10,8,10
60141211,4,31,1,5,3,,1,2,NO,1,,737000,1,1,1,NO,1,2,2,2,2,1,1,1,7,8,8,8,10
60141231,2,28,1,3,4,2,1,2,NO,1,,750000,1,1,2,NO,1,2,1,2,2,1,1,3,6,9,8,8,8
60141291,1,66,1,3,4,1,1,3,NO,1,,,4,1,1,NO,1,2,1,2,2,1,1,1,9,9,9,8,9
60141401,1,66,1,4,4,10,1,3,NO,2,,,4,1,2,SI,1,2,2,1,2,1,1,3,5,10,9,8,9
60141401,2,22,2,4,2,,1,2,NO,1,,,4,1,2,SI,1,2,2,1,2,1,1,3,10,10,10,10,10
60141441,1,57,3,6,4,6,1,3,NO,1,,,4,1,2,NO,1,3,1,1,2,2,1,1,9,9,9,9,9
60141481,3,39,3,8,3,,1,2,NO,1,,,4,1,1,SI,1,3,2,2,2,1,1,1,0,7,8,0,10
60141711,1,48,1,2,4,1,1,1,NO,1,,600000,1,1,1,NO,1,2,2,2,2,1,1,3,6,9,10,9,10
60141731,3,28,1,9,3,,1,2,NO,1,,,1,1,1,NO,1,2,2,2,2,1,1,2,8,8,7,7,10
60142261,4,17,1,5,2,,1,2,NO,1,,,4,1,1,NO,1,2,2,2,2,1,2,3,9,10,8,0,10
60142551,1,20,1,2,4,3,1,2,NO,1,,,4,1,1,NO,1,2,1,2,2,1,2,1,10,10,10,9,10
60142671,2,16,1,3,2,,1,2,NO,1,,,4,2,1,NO,1,2,1,2,2,1,1,4,7,7,6,7,7
60143231,5,22,1,5,4,4,1,2,NO,1,,,4,1,1,NO,1,2,2,2,2,10,,4,7,8,7,8,8
60143291,1,28,3,4,4,1,1,2,NO,1,,790000,1,1,2,NO,1,3,1,1,2,10,,3,10,10,10,10,10
60143391,1,66,1,5,4,9,1,2,NO,1,,,4,1,1,NO,1,2,1,1,2,10,,1,10,10,10,10,10
60143591,3,36,1,4,3,,1,2,NO,1,,890000,1,1,1,NO,1,2,1,2,2,10,,1,10,10,10,10,10
60143671,1,30,2,5,3,,1,2,NO,1,,,1,1,1,SI,1,2,2,2,2,1,1,3,3,7,5,5,8
60143911,3,18,1,4,3,,1,2,NO,1,,,1,2,1,NO,1,3,1,1,2,7,,3,6,8,7,6,9
60143921,1,66,1,5,4,10,1,3,NO,1,,,4,1,1,NO,1,2,1,2,2,1,2,3,6,5,10,10,8
60144081,3,19,1,4,2,,1,1,NO,1,,,3,2,1,SI,1,2,2,2,2,1,2,1,7,10,10,9,10
60144091,4,26,1,5,4,2,1,1,NO,1,,830000,1,1,1,NO,1,2,2,2,2,3,,4,10,10,10,10,10
60144241,1,48,1,2,4,2,1,2,NO,1,,600000,1,1,2,NO,1,2,1,1,2,1,1,3,7,7,5,5,4
60144321,1,63,2,5,4,3,1,2,NO,1,,,4,1,2,NO,1,2,2,2,2,1,1,1,9,8,8,9,8
60144631,3,21,1,4,2,,1,2,NO,1,,,4,1,1,NO,1,2,2,2,2,1,1,1,4,9,5,4,9
60144681,1,42,2,3,4,9,1,3,NO,1,,,1,1,1,NO,2,3,1,1,2,2,1,1,0,5,5,5,9
60144881,1,25,1,3,2,,1,1,NO,1,,,4,1,1,SI,1,3,1,1,1,1,2,1,9,9,6,6,9
60145211,1,36,1,5,4,1,1,2,NO,1,,,1,1,2,SI,2,2,2,2,2,1,1,3,5,10,4,6,9
60145211,3,34,2,5,4,1,1,3,NO,1,,,4,1,2,SI,2,2,2,2,2,1,1,3,9,5,5,0,10
60145221,4,40,1,8,3,,1,3,NO,1,,737717,1,1,1,NO,1,2,2,2,2,1,1,1,4,6,6,6,7
60145221,5,17,1,8,2,,1,2,NO,1,,,4,1,1,NO,1,2,2,2,2,1,1,1,8,9,10,7,10
60145221,7,35,1,8,3,,1,2,NO,1,,737717,1,1,1,NO,1,2,2,2,2,1,1,1,4,8,3,4,8
60145231,3,36,1,5,3,,1,1,NO,1,,930000,1,1,1,NO,1,2,2,2,2,1,1,1,10,10,0,10,10
60145251,2,27,2,9,2,,1,3,NO,1,,,1,1,1,NO,1,2,1,1,2,1,1,3,2,7,5,3,10
60145251,5,21,2,9,2,,1,3,NO,1,,,4,1,1,NO,1,2,1,1,2,1,1,3,7,10,5,7,8
60145281,3,31,1,4,3,,1,3,NO,1,,,2,1,1,SI,1,2,1,1,2,1,1,1,8,6,9,5,10
60145301,4,35,1,7,3,,1,2,NO,1,,,4,1,1,SI,1,3,1,1,2,9,,1,9,10,7,0,10
60145301,6,19,1,7,2,,1,2,NO,1,,,4,2,1,SI,1,3,1,1,2,9,,1,9,5,5,5,6
60145331,2,22,1,6,2,,1,3,NO,1,,780000,1,1,1,NO,2,3,1,2,2,7,,4,6,6,6,6,7
60145561,3,24,1,5,3,,1,3,NO,1,,745000,1,1,1,NO,1,3,1,1,2,2,1,1,7,8,5,5,8
60145591,2,23,1,5,2,,1,3,NO,1,,,4,1,1,NO,2,2,1,1,2,7,,1,3,7,2,7,10
60145821,2,31,2,4,1,2,1,2,NO,1,,500000,1,1,1,SI,1,3,2,1,2,1,2,1,3,10,2,8,10
60145841,3,28,1,4,3,,1,2,NO,1,,,4,1,1,SI,2,2,1,1,1,1,2,4,0,0,0,0,6
60145871,2,23,1,5,1,10,1,3,NO,1,,,3,1,1,NO,2,3,2,2,2,1,2,1,6,9,3,8,10
60145871,4,19,1,5,1,3,1,2,NO,1,,,4,1,1,NO,2,3,2,2,2,1,2,1,9,10,1,8,10
60145991,1,34,4,6,4,1,1,4,NO,1,,100000,4,1,1,SI,2,3,2,1,2,2,1,1,2,1,3,6,8
60146001,1,40,2,4,2,,1,2,NO,1,,250000,1,1,1,SI,1,2,2,1,2,2,1,1,7,9,7,6,10
60146041,7,23,1,8,4,10,1,2,NO,1,,500000,1,2,1,SI,1,2,1,1,2,9,,1,10,9,9,9,10
60146061,2,25,1,3,2,,1,2,NO,1,,1000000,1,1,1,SI,1,2,2,1,2,9,,1,6,7,10,9,10
60146101,1,68,2,3,4,9,1,3,NO,1,,,4,1,1,NO,2,3,2,1,2,1,2,1,5,3,2,6,10
60146151,3,20,1,6,2,,1,3,NO,1,,,3,1,1,SI,2,3,2,1,2,1,2,1,9,9,8,8,8
60146221,3,24,2,5,3,,1,2,NO,1,,,3,1,1,SI,2,2,1,2,1,1,2,1,9,8,3,4,9
60146271,1,67,1,4,4,9,1,3,NO,1,,,4,1,1,SI,1,3,1,1,2,9,,1,5,6,4,5,10
60146341,2,29,1,3,4,4,1,2,NO,1,,,1,1,2,NO,2,3,2,1,2,1,2,4,4,10,5,6,10
60146431,1,27,3,4,4,2,1,2,NO,1,,,4,1,1,NO,2,4,1,1,2,9,,1,3,8,3,4,10
60146461,2,20,1,5,2,,1,2,NO,1,,850000,1,1,1,NO,1,2,2,2,2,1,2,1,8,10,9,8,10
60146481,4,20,1,6,3,,1,2,NO,1,,,3,2,1,NO,1,3,1,1,1,1,2,4,7,7,7,7,10
60146551,1,28,1,2,4,1,1,2,NO,1,,,4,1,2,NO,2,3,1,1,2,1,2,4,6,9,1,5,10
60146591,3,25,2,6,2,,1,2,NO,1,,,4,1,1,SI,2,3,2,1,2,1,2,1,9,7,2,7,10
60147021,1,57,1,2,4,3,1,2,NO,1,,,1,1,1,NO,1,3,2,2,2,1,2,1,5,8,7,7,10
60147261,6,18,1,7,2,,1,2,NO,1,,300000,1,1,1,SI,1,2,2,2,2,1,1,1,3,6,6,6,7
60147291,2,31,3,9,2,,1,3,NO,1,,,6,1,1,SI,1,3,1,2,2,1,2,1,3,7,4,5,6
60147301,2,37,2,4,2,,1,2,NO,1,,800000,1,1,1,NO,2,3,1,2,2,1,2,3,7,7,6,7,10
60147311,6,20,1,7,3,,1,3,NO,1,,,4,1,1,SI,2,3,1,1,2,1,2,3,9,4,5,10,10
60147561,6,23,1,7,2,,1,4,NO,1,,1200000,1,1,1,SI,2,2,1,1,2,4,,3,9,8,2,8,8
60149591,1,63,1,6,4,1,1,2,NO,1,,,4,1,1,NO,1,2,2,2,2,1,1,3,8,8,8,7,9
60149601,1,63,1,3,4,1,1,2,NO,1,,,4,1,1,NO,1,2,1,2,2,1,1,1,8,9,10,10,9
60149791,3,49,1,5,2,,1,3,NO,1,,,4,1,1,NO,1,2,2,2,2,1,1,1,4,7,9,4,8
60149931,3,23,1,5,3,,1,2,NO,1,,737717,1,1,2,NO,1,2,2,2,2,1,1,1,10,10,10,10,10
60149941,1,39,2,3,4,6,1,2,NO,1,,,1,1,2,NO,1,2,2,2,2,1,1,1,6,10,4,8,10
60149961,3,19,1,4,3,,1,1,NO,1,,,4,1,1,NO,1,1,2,1,2,1,1,1,6,8,9,7,9
60150011,1,40,1,5,4,2,1,1,NO,1,,,6,1,2,NO,1,1,2,3,2,1,1,1,9,8,9,10,10
60150191,1,37,2,3,4,9,2,2,NO,1,,,1,1,1,NO,1,2,1,1,2,3,,3,6,8,7,7,10
60150271,3,25,1,4,2,,1,2,NO,1,,,2,1,1,NO,1,3,1,1,2,1,1,1,10,10,9,8,7
60151081,3,23,1,4,2,,2,2,NO,1,,,3,1,2,NO,1,2,2,2,2,1,1,1,8,7,8,8,10
60151251,3,37,1,4,4,6,1,2,NO,1,,900000,1,1,1,NO,1,2,2,2,2,1,1,1,8,8,7,8,8
60151261,2,57,1,3,2,,1,2,NO,1,,,4,1,1,NO,1,3,1,1,1,1,1,1,9,7,5,8,10
60151351,1,36,2,3,4,1,1,2,NO,1,,,1,1,1,NO,1,2,2,2,2,1,1,3,7,7,5,8,8
60151711,1,56,1,3,4,6,1,2,NO,1,,2000000,1,1,1,NO,1,2,2,3,2,1,1,1,9,9,8,10,10
60151801,3,38,1,4,3,,1,2,NO,1,,99,1,1,2,NO,1,2,2,2,2,1,1,4,6,9,6,5,8
60151811,1,73,1,3,4,9,1,3,NO,1,,,4,1,1,NO,2,3,1,1,1,1,1,1,4,4,3,3,5
60151981,2,34,1,3,1,4,1,2,NO,1,,,1,1,1,NO,1,2,2,2,2,1,1,1,8,9,6,8,10
60152071,2,60,1,3,4,2,1,2,NO,1,,,6,1,1,NO,1,1,2,2,2,1,1,1,8,9,4,9,10
60152111,1,44,1,2,4,2,1,2,NO,1,,,1,1,2,NO,1,2,2,2,2,1,1,3,7,10,3,10,10
60152121,3,38,1,4,3,,1,2,NO,1,,966000,1,1,1,NO,1,2,1,1,2,1,1,1,8,9,7,9,10
60152141,1,55,1,2,4,8,1,2,NO,1,,0,1,1,2,NO,1,1,2,3,2,1,1,3,3,8,3,8,10
60152171,3,17,1,4,2,,1,2,NO,1,,,4,1,2,NO,1,2,1,1,2,1,1,3,8,8,8,8,9
60152271,1,35,2,3,4,2,1,2,NO,1,,730000,1,1,1,NO,1,3,2,1,2,1,1,3,3,10,6,3,10
60152521,1,48,1,2,4,1,1,2,NO,1,,737700,1,1,2,NO,1,2,2,2,2,1,1,4,7,8,7,8,8
60152591,3,33,1,5,3,,1,1,NO,1,,,4,1,1,NO,1,2,2,2,2,1,1,1,9,9,2,0,8
60152731,1,65,1,2,4,2,1,2,NO,1,,3000000,1,1,2,NO,1,2,2,2,2,1,1,1,9,9,9,10,10
60152751,2,31,2,4,2,,1,2,NO,1,,,1,1,1,NO,2,2,2,1,2,1,1,1,7,1,10,9,10
60152761,1,45,1,2,4,3,1,2,NO,1,,,1,1,2,NO,2,2,2,2,2,1,1,3,9,9,9,9,9
60152841,1,44,2,3,4,2,1,3,NO,1,,,1,1,1,NO,2,2,2,2,2,1,1,3,5,7,2,9,9
60153021,2,60,1,2,4,1,1,2,NO,1,,,4,1,1,NO,1,2,2,2,2,1,1,1,9,9,9,8,9
60153581,2,28,1,4,2,,1,2,NO,1,,1000000,1,1,1,NO,1,2,2,2,2,1,1,3,9,10,10,10,10
60153831,1,60,1,2,4,9,2,3,NO,1,,,4,1,1,NO,1,2,1,1,2,1,2,3,9,8,8,8,10
60153931,1,54,1,3,2,,1,3,NO,1,,,2,1,2,NO,2,2,1,2,2,1,1,4,0,2,1,1,8
60154011,3,76,1,3,4,9,1,3,NO,1,,,4,1,1,NO,1,1,2,3,2,1,1,1,8,4,5,10,10
60154021,2,47,1,3,2,,1,2,NO,1,,736000,1,1,2,NO,2,1,2,1,2,1,1,1,4,6,5,5,10
60154181,2,36,2,4,4,10,1,2,NO,1,,,1,2,1,SI,1,3,1,1,1,1,1,3,9,8,0,10,10
60154211,3,40,1,5,2,,1,1,NO,1,,1600000,1,1,1,NO,2,2,2,2,2,1,2,6,8,5,8,8,10
60154231,4,63,1,4,4,2,1,2,NO,1,,,4,1,1,NO,1,2,2,2,2,1,1,1,9,9,7,6,9
60154281,1,35,1,2,4,3,1,1,NO,1,,,1,1,2,NO,1,1,2,3,2,1,1,4,8,10,10,10,10
60154621,3,35,1,5,3,,1,2,NO,1,,920000,1,1,1,NO,1,2,2,1,2,1,1,1,8,8,7,8,8
60154731,2,56,1,5,1,2,1,1,NO,1,,,1,2,1,SI,1,2,2,2,2,1,1,1,10,10,10,10,10
60154731,4,50,1,5,1,2,1,1,NO,1,,,1,1,1,SI,1,2,2,2,2,1,1,1,3,9,10,10,10
60154791,3,42,1,4,3,,1,2,NO,1,,1500000,1,1,1,NO,1,2,2,2,2,1,1,2,7,9,8,9,8
60156911,2,36,1,3,2,,1,2,NO,1,,737000,1,1,1,NO,1,3,2,2,2,2,1,3,5,5,5,7,9
60157061,4,19,1,5,2,,1,1,NO,1,,,4,1,1,NO,2,3,2,1,2,2,1,5,9,10,10,1,10
60157401,1,58,1,3,2,,1,1,NO,1,,,4,1,2,NO,1,2,2,2,2,1,1,1,8,9,8,7,10
60157421,3,26,2,5,3,,1,3,NO,1,,736000,1,1,2,NO,1,3,1,1,2,1,1,1,6,9,4,6,10
60157591,5,21,1,6,2,,1,3,NO,1,,,2,1,1,NO,2,3,1,1,2,1,1,5,9,10,5,6,10
60157801,5,49,1,5,4,2,1,2,NO,1,,737717,1,1,1,NO,1,2,2,2,2,1,1,3,9,9,9,9,8
60157821,2,17,1,5,2,,1,2,NO,1,,,4,1,2,NO,2,3,1,1,2,1,1,3,9,7,2,0,10
60157831,3,30,1,4,3,,2,2,NO,1,,,2,1,2,NO,2,2,2,3,2,1,1,1,2,8,7,3,7
60157861,3,28,1,5,3,,1,2,NO,1,,,4,1,1,NO,2,2,2,1,2,1,1,4,9,5,2,0,10
60157971,1,29,2,6,4,10,9,2,NO,1,,,2,1,2,NO,2,2,1,1,2,1,1,3,9,10,0,0,7
60158833,1,27,3,4,4,10,1,2,NO,1,,,1,1,1,NO,1,2,2,1,2,1,1,3,6,7,8,6,6
60158861,2,26,1,3,4,4,1,2,NO,1,,,1,1,2,NO,1,2,2,2,2,1,1,1,6,9,7,7,10
60158991,1,36,1,2,4,4,1,2,NO,1,,,4,1,2,NO,1,2,2,2,2,1,1,3,7,9,9,8,10
60159241,6,18,1,8,4,2,1,2,NO,1,,,3,1,1,NO,1,2,2,2,2,5,,4,3,8,9,0,10
60159461,4,45,1,4,4,1,1,3,NO,1,,,1,1,2,NO,1,2,2,2,2,1,1,3,6,4,8,6,8
60159571,1,35,1,2,4,10,1,3,NO,1,,737000,1,1,2,NO,1,2,2,2,2,1,1,3,7,7,8,7,9
60159621,1,47,1,2,4,1,1,2,NO,1,,820000,1,1,2,NO,1,3,1,2,2,2,2,4,4,3,6,5,9
